--*************************************		POPOLAMENTO DEL DB NEGOZIO SOFTWARE		********************************************************/

--INSERT IN ACCOUNT 
INSERT INTO ACCOUNT (Email,Pwd,Nome,Cognome,Cell,Cap,Citta,Via,Stato,C_V,data_nascita) VALUES('email1@gmail.com','password1','Nome1','Cognome1','1111111111','80100','Napoli','Via utente1', 'Italia','C',to_date('1998/05/31:12:00:00AM', 'yyyy/mm/dd:hh:mi:ssam'));
INSERT INTO ACCOUNT (Email,Pwd,Nome,Cognome,Cell,Cap,Citta,Via,Stato,C_V,data_nascita) VALUES('email2@gmail.com','password2','Nome2','Cognome2','2222222222','75000','Parigi','Via utente2', 'Francia','C',to_date('1998/05/31:12:00:00AM', 'yyyy/mm/dd:hh:mi:ssam'));
INSERT INTO ACCOUNT (Email,Pwd,Nome,Cognome,Cell,Cap,Citta,Via,Stato,C_V,data_nascita) VALUES('email3@gmail.com','password3','Nome3','Cognome3','3333333333','81100','Caserta','Via utente3', 'Italia','C',to_date('1998/05/31:12:00:00AM', 'yyyy/mm/dd:hh:mi:ssam'));
INSERT INTO ACCOUNT (Email,Pwd,Nome,Cognome,Cell,Cap,Citta,Via,Stato,C_V,data_nascita) VALUES('email4@gmail.com','password4','Nome4','Cognome4','4444444444','84121','Salerno','Via utente4', 'Italia','C',to_date('1998/05/31:12:00:00AM', 'yyyy/mm/dd:hh:mi:ssam'));
INSERT INTO ACCOUNT (Email,Pwd,Nome,Cognome,Cell,Cap,Citta,Via,Stato,C_V,data_nascita) VALUES('email5@gmail.com','password5','Nome5','Cognome5','5555555555','80100','Napoli','Via utente5', 'Italia','C',to_date('1998/05/31:12:00:00AM', 'yyyy/mm/dd:hh:mi:ssam'));
INSERT INTO ACCOUNT (Email,Pwd,Nome,Cognome,Cell,Cap,Citta,Via,Stato,C_V,data_nascita) VALUES('email6@gmail.com','password6','Nome6','Cognome6','6666666666','81100','Caserta','Via utente6', 'Italia','C',to_date('1998/05/31:12:00:00AM', 'yyyy/mm/dd:hh:mi:ssam'));
INSERT INTO ACCOUNT (Email,Pwd,Nome,Cognome,Cell,Cap,Citta,Via,Stato,C_V,data_nascita) VALUES('email7@gmail.com','password7','Nome7','Cognome7','7777777777','80100','Napoli','Via utente7', 'Italia','C',to_date('1998/05/31:12:00:00AM', 'yyyy/mm/dd:hh:mi:ssam'));
INSERT INTO ACCOUNT (Email,Pwd,Nome,Cognome,Cell,Cap,Citta,Via,Stato,C_V,data_nascita) VALUES('email8@gmail.com','password8','Nome8','Cognome8','8888888888','82100','Benevento','Via utente8', 'Italia','C',to_date('1998/05/31:12:00:00AM', 'yyyy/mm/dd:hh:mi:ssam'));
INSERT INTO ACCOUNT (Email,Pwd,Nome,Cognome,Cell,Cap,Citta,Via,Stato,C_V,data_nascita) VALUES('email9@gmail.com','password9','Nome9','Cognome9','9999999999','80100','Napoli','Via utente9', 'Italia','C',to_date('1998/05/31:12:00:00AM', 'yyyy/mm/dd:hh:mi:ssam'));
INSERT INTO ACCOUNT (Email,Pwd,Nome,Cognome,Cell,Cap,Citta,Via,Stato,C_V,data_nascita) VALUES('email10@gmail.com','password10','Nome10','Cognome10','1010101010','84121','Salerno','Via utente10', 'Italia','C',to_date('1998/05/31:12:00:00AM', 'yyyy/mm/dd:hh:mi:ssam'));
INSERT INTO ACCOUNT (Email,Pwd,Nome,Cognome,Cell,Cap,Citta,Via,Stato,C_V,data_nascita) VALUES('email11@gmail.com','password11','Nome11','Cognome11','3348394823','80111','Milano','Via utente11', 'Italia', 'V',to_date('1998/05/31:12:00:00AM', 'yyyy/mm/dd:hh:mi:ssam'));
INSERT INTO ACCOUNT (Email,Pwd,Nome,Cognome,Cell,Cap,Citta,Via,Stato,C_V,data_nascita) VALUES('email12@gmail.com','password12','Nome12','Cognome12','3319349490','80112','Roma','Via utente12','Italia', 'V',to_date('1998/05/31:12:00:00AM', 'yyyy/mm/dd:hh:mi:ssam'));
INSERT INTO ACCOUNT (Email,Pwd,Nome,Cognome,Cell,Cap,Citta,Via,Stato,C_V,data_nascita) VALUES('email13@gmail.com','password13','Nome13','Cognome13','3319344021','80113','Venezia','Via utente13','Italia', 'V',to_date('1998/05/31:12:00:00AM', 'yyyy/mm/dd:hh:mi:ssam'));
INSERT INTO ACCOUNT (Email,Pwd,Nome,Cognome,Cell,Cap,Citta,Via,Stato,C_V,data_nascita) VALUES('email14@gmail.com','password14','Nome14','Cognome14','3339345032','80114','Roma','Via utente14', 'Italia', 'V',to_date('1998/05/31:12:00:00AM', 'yyyy/mm/dd:hh:mi:ssam'));
INSERT INTO ACCOUNT (Email,Pwd,Nome,Cognome,Cell,Cap,Citta,Via,Stato,C_V,data_nascita) VALUES('email15@gmail.com','password15','Nome15','Cognome15','3319345032','80115','Milano','Via utente15', 'Italia', 'V',to_date('1998/05/31:12:00:00AM', 'yyyy/mm/dd:hh:mi:ssam'));
INSERT INTO ACCOUNT (Email,Pwd,Nome,Cognome,Cell,Cap,Citta,Via,Stato,C_V,data_nascita) VALUES('email16@gmail.com','password16','Nome16','Cognome16','3329345012','80116','Napoli', 'Via utente16', 'Italia', 'V',to_date('1998/05/31:12:00:00AM', 'yyyy/mm/dd:hh:mi:ssam'));
INSERT INTO ACCOUNT (Email,Pwd,Nome,Cognome,Cell,Cap,Citta,Via,Stato,C_V,data_nascita) VALUES('email17@gmail.com','password17','Nome17','Cognome17','3319345011','80117','Torino','Via utente17', 'Italia', 'V',to_date('1998/05/31:12:00:00AM', 'yyyy/mm/dd:hh:mi:ssam'));
INSERT INTO ACCOUNT (Email,Pwd,Nome,Cognome,Cell,Cap,Citta,Via,Stato,C_V,data_nascita) VALUES('email18@gmail.com','password18','Nome18','Cognome18','33234341011','80117','Venezia','Via utente18', 'Italia', 'V',to_date('1998/05/31:12:00:00AM', 'yyyy/mm/dd:hh:mi:ssam'));
INSERT INTO ACCOUNT (Email,Pwd,Nome,Cognome,Cell,Cap,Citta,Via,Stato,C_V,data_nascita) VALUES('email19@gmail.com','password19','Nome19','Cognome19','3319345011','80117','Firenze','Via utente19', 'Italia', 'V',to_date('1998/05/31:12:00:00AM', 'yyyy/mm/dd:hh:mi:ssam'));
INSERT INTO ACCOUNT (Email,Pwd,Nome,Cognome,Cell,Cap,Citta,Via,Stato,C_V,data_nascita) VALUES('email20@gmail.com','password20','Nome20','Cognome20','3319345011','80117','Torino','Via utente20', 'Italia', 'V',to_date('1998/05/31:12:00:00AM', 'yyyy/mm/dd:hh:mi:ssam'));
INSERT INTO ACCOUNT (Email,Pwd,Nome,Cognome,Cell,Cap,Citta,Via,Stato,C_V,data_nascita) VALUES('email31@gmail.com','password31','Nome31','Cognome31','3319532511','80127','Crotone','Via utente31', 'Italia','C',to_date('2005/05/31:12:00:00AM', 'yyyy/mm/dd:hh:mi:ssam'));
INSERT INTO ACCOUNT (Email,Pwd,Nome,Cognome,Cell,Cap,Citta,Via,Stato,C_V,data_nascita) VALUES('email32@gmail.com','password32','Nome32','Cognome32','3319311511','80107','Roma','Via utente32', 'Italia','C',to_date('2005/05/31:12:00:00AM', 'yyyy/mm/dd:hh:mi:ssam'));
INSERT INTO ACCOUNT (Email,Pwd,Nome,Cognome,Cell,Cap,Citta,Via,Stato,C_V,data_nascita) VALUES('email33@gmail.com','password33','Nome33','Cognome32','3219311511','80007','Milano','Via utente33', 'Italia','C',to_date('2005/05/31:12:00:00AM', 'yyyy/mm/dd:hh:mi:ssam'));
INSERT INTO ACCOUNT (Email,Pwd,Nome,Cognome,Cell,Cap,Citta,Via,Stato,C_V,data_nascita) VALUES('email34@gmail.com','password34','Nome34','Cognome34','321940511','80307','Milano','Via utente34', 'Italia','C',to_date('2005/05/31:12:00:00AM', 'yyyy/mm/dd:hh:mi:ssam'));
INSERT INTO ACCOUNT (Email,Pwd,Nome,Cognome,Cell,Cap,Citta,Via,Stato,C_V,data_nascita) VALUES('email35@gmail.com','password35','Nome35','Cognome35','3219121511','80637','Genova','Via utente35', 'Italia','C',to_date('2005/05/31:12:00:00AM', 'yyyy/mm/dd:hh:mi:ssam'));
INSERT INTO ACCOUNT (Email,Pwd,Nome,Cognome,Cell,Cap,Citta,Via,Stato,C_V,data_nascita) VALUES('email36@gmail.com','password36','Nome36','Cognome36','324311511','80436','Napoli','Via utente36', 'Italia','C',to_date('2005/05/31:12:00:00AM', 'yyyy/mm/dd:hh:mi:ssam'));
INSERT INTO ACCOUNT (Email,Pwd,Nome,Cognome,Cell,Cap,Citta,Via,Stato,C_V,data_nascita) VALUES('email37@gmail.com','password37','Nome37','Cognome37','1219311511','80007','Napoli','Via utente37', 'Italia','C',to_date('2005/05/31:12:00:00AM', 'yyyy/mm/dd:hh:mi:ssam'));
INSERT INTO ACCOUNT (Email,Pwd,Nome,Cognome,Cell,Cap,Citta,Via,Stato,C_V,data_nascita) VALUES('email38@gmail.com','password38','Nome38','Cognome38','3264523312','87007','Modena','Via utente38', 'Italia','C',to_date('2005/05/31:12:00:00AM', 'yyyy/mm/dd:hh:mi:ssam'));
INSERT INTO ACCOUNT (Email,Pwd,Nome,Cognome,Cell,Cap,Citta,Via,Stato,C_V,data_nascita) VALUES('email39@gmail.com','password39','Nome39','Cognome39','3264523312','82507','Roma','Via utente39', 'Italia','C',to_date('2005/05/31:12:00:00AM', 'yyyy/mm/dd:hh:mi:ssam'));
INSERT INTO ACCOUNT (Email,Pwd,Nome,Cognome,Cell,Cap,Citta,Via,Stato,C_V,data_nascita) VALUES('email40@gmail.com','password40','Nome40','Cognome40','3264523312','82705','Bologna','Via utente40', 'Italia','C',to_date('2005/05/31:12:00:00AM', 'yyyy/mm/dd:hh:mi:ssam'));
INSERT INTO ACCOUNT (Email,Pwd,Nome,Cognome,Cell,Cap,Citta,Via,Stato,C_V,data_nascita) VALUES('email21@gmail.com','password21','Nome21','Cognome21','3319345011','80117','Torino','Via utente21', 'Italia', 'V',to_date('1998/05/31:12:00:00AM', 'yyyy/mm/dd:hh:mi:ssam'));
INSERT INTO ACCOUNT (Email,Pwd,Nome,Cognome,Cell,Cap,Citta,Via,Stato,C_V,data_nascita) VALUES('email22@gmail.com','password22','Nome22','Cognome22','2345326534','90118','Roma','Via utente22', 'Italia', 'V',to_date('1998/05/31:12:00:00AM', 'yyyy/mm/dd:hh:mi:ssam'));
INSERT INTO ACCOUNT (Email,Pwd,Nome,Cognome,Cell,Cap,Citta,Via,Stato,C_V,data_nascita) VALUES('email23@gmail.com','password23','Nome23','Cognome23','6734245567','83633','Benevento','Via utente23', 'Italia', 'V',to_date('1998/05/31:12:00:00AM', 'yyyy/mm/dd:hh:mi:ssam'));
INSERT INTO ACCOUNT (Email,Pwd,Nome,Cognome,Cell,Cap,Citta,Via,Stato,C_V,data_nascita) VALUES('email24@gmail.com','password24','Nome24','Cognome24','6575456345','45008','Capri','Via utente24', 'Italia', 'V',to_date('1998/05/31:12:00:00AM', 'yyyy/mm/dd:hh:mi:ssam'));
INSERT INTO ACCOUNT (Email,Pwd,Nome,Cognome,Cell,Cap,Citta,Via,Stato,C_V,data_nascita) VALUES('email25@gmail.com','password25','Nome25','Cognome25','4675674563','36650','Napoli','Via utente25', 'Italia', 'V',to_date('1998/05/31:12:00:00AM', 'yyyy/mm/dd:hh:mi:ssam'));
INSERT INTO ACCOUNT (Email,Pwd,Nome,Cognome,Cell,Cap,Citta,Via,Stato,C_V,data_nascita) VALUES('email26@gmail.com','password26','Nome26','Cognome26','5638345643','30056','Casoria','Via utente26', 'Italia', 'V',to_date('1998/05/31:12:00:00AM', 'yyyy/mm/dd:hh:mi:ssam'));
INSERT INTO ACCOUNT (Email,Pwd,Nome,Cognome,Cell,Cap,Citta,Via,Stato,C_V,data_nascita) VALUES('email27@gmail.com','password27','Nome27','Cognome27','4356768656','43631','Caserta','Via utente27', 'Italia', 'V',to_date('1998/05/31:12:00:00AM', 'yyyy/mm/dd:hh:mi:ssam'));
INSERT INTO ACCOUNT (Email,Pwd,Nome,Cognome,Cell,Cap,Citta,Via,Stato,C_V,data_nascita) VALUES('email28@gmail.com','password28','Nome28','Cognome28','5476446364','56843','Bari','Via utente28', 'Italia', 'V',to_date('1998/05/31:12:00:00AM', 'yyyy/mm/dd:hh:mi:ssam'));
INSERT INTO ACCOUNT (Email,Pwd,Nome,Cognome,Cell,Cap,Citta,Via,Stato,C_V,data_nascita) VALUES('email29@gmail.com','password29','Nome29','Cognome29','9876543245','67853','Genova','Via utente29', 'Italia', 'V',to_date('1998/05/31:12:00:00AM', 'yyyy/mm/dd:hh:mi:ssam'));
INSERT INTO ACCOUNT (Email,Pwd,Nome,Cognome,Cell,Cap,Citta,Via,Stato,C_V,data_nascita) VALUES('email30@gmail.com','password30','Nome30','Cognome30','4536573566','09876','Trieste','Via utente30', 'Italia', 'V',to_date('1998/05/31:12:00:00AM', 'yyyy/mm/dd:hh:mi:ssam'));

--INSERT IN VENDITORE
INSERT INTO VENDITORE(Iban, Nome_azienda,P_iva,Tipologia_venditore,PF1_EMVEND) VALUES('123456710','Azienda_1','1234','Standard','email11@gmail.com');
INSERT INTO VENDITORE(Iban, Nome_azienda,P_iva,Tipologia_venditore,PF1_EMVEND) VALUES('123456711','Azienda_2','1235','Standard','email12@gmail.com');
INSERT INTO VENDITORE(Iban, Nome_azienda,P_iva,Tipologia_venditore,PF1_EMVEND) VALUES('123456712','Azienda_3','1236','Standard','email13@gmail.com');
INSERT INTO VENDITORE(Iban, Nome_azienda,P_iva,Tipologia_venditore,PF1_EMVEND) VALUES('123456713','Azienda_4','1237','Standard','email14@gmail.com');
INSERT INTO VENDITORE(Iban, Nome_azienda,P_iva,Tipologia_venditore,PF1_EMVEND) VALUES('123456714','Azienda_5','1238','Standard','email15@gmail.com');
INSERT INTO VENDITORE(Iban, Nome_azienda,P_iva,Tipologia_venditore,PF1_EMVEND) VALUES('123456715','Azienda_6','1239','Professionale','email16@gmail.com');
INSERT INTO VENDITORE(Iban, Nome_azienda,P_iva,Tipologia_venditore,PF1_EMVEND) VALUES('123456716','Azienda_7','1210','Professionale','email17@gmail.com');
INSERT INTO VENDITORE(Iban, Nome_azienda,P_iva,Tipologia_venditore,PF1_EMVEND) VALUES('123456717','Azienda_8','1211','Professionale','email18@gmail.com');
INSERT INTO VENDITORE(Iban, Nome_azienda,P_iva,Tipologia_venditore,PF1_EMVEND)VALUES('123456718','Azienda_9','1212','Professionale','email19@gmail.com');
INSERT INTO VENDITORE(Iban, Nome_azienda,P_iva,Tipologia_venditore,PF1_EMVEND) VALUES('123456719','Azienda_10','1213','Professionale','email20@gmail.com');
INSERT INTO VENDITORE(Iban, Nome_azienda,P_iva,Tipologia_venditore,PF1_EMVEND) VALUES('123456719','Azienda_11','1213','Standard','email21@gmail.com');
INSERT INTO VENDITORE(Iban, Nome_azienda,P_iva,Tipologia_venditore,PF1_EMVEND) VALUES('743643636','Azienda_12','2345','Standard','email22@gmail.com');
INSERT INTO VENDITORE(Iban, Nome_azienda,P_iva,Tipologia_venditore,PF1_EMVEND) VALUES('374367643','Azienda_13','6373','Standard','email23@gmail.com');
INSERT INTO VENDITORE(Iban, Nome_azienda,P_iva,Tipologia_venditore,PF1_EMVEND) VALUES('346357473','Azienda_14','2742','Standard','email24@gmail.com');
INSERT INTO VENDITORE(Iban, Nome_azienda,P_iva,Tipologia_venditore,PF1_EMVEND) VALUES('969596055','Azienda_15','6453','Standard','email25@gmail.com');
INSERT INTO VENDITORE(Iban, Nome_azienda,P_iva,Tipologia_venditore,PF1_EMVEND) VALUES('436785954','Azienda_16','5864','Professionale','email26@gmail.com');
INSERT INTO VENDITORE(Iban, Nome_azienda,P_iva,Tipologia_venditore,PF1_EMVEND) VALUES('357437853','Azienda_17','4784','Professionale','email27@gmail.com');
INSERT INTO VENDITORE(Iban, Nome_azienda,P_iva,Tipologia_venditore,PF1_EMVEND) VALUES('577986097','Azienda_18','7468','Professionale','email28@gmail.com');
INSERT INTO VENDITORE(Iban, Nome_azienda,P_iva,Tipologia_venditore,PF1_EMVEND) VALUES('897857859','Azienda_19','9654','Professionale','email29@gmail.com');
INSERT INTO VENDITORE(Iban, Nome_azienda,P_iva,Tipologia_venditore,PF1_EMVEND) VALUES('658798095','Azienda_20','5854','Professionale','email30@gmail.com');

--INSERT IN CLIENTE
INSERT INTO CLIENTE (Tipologia_cliente,PF1_EMCLIENTE) VALUES('Standard','email1@gmail.com');
INSERT INTO CLIENTE (Tipologia_cliente,PF1_EMCLIENTE) VALUES('Standard','email2@gmail.com');
INSERT INTO CLIENTE (Tipologia_cliente,PF1_EMCLIENTE) VALUES('Standard','email3@gmail.com');
INSERT INTO CLIENTE (Tipologia_cliente,PF1_EMCLIENTE) VALUES('Standard','email4@gmail.com');
INSERT INTO CLIENTE (Tipologia_cliente,PF1_EMCLIENTE) VALUES('Standard','email5@gmail.com');
INSERT INTO CLIENTE (Tipologia_cliente,PF1_EMCLIENTE) VALUES('Premium','email6@gmail.com');
INSERT INTO CLIENTE (Tipologia_cliente,PF1_EMCLIENTE) VALUES('Premium','email7@gmail.com');
INSERT INTO CLIENTE (Tipologia_cliente,PF1_EMCLIENTE) VALUES('Premium','email8@gmail.com');
INSERT INTO CLIENTE (Tipologia_cliente,PF1_EMCLIENTE) VALUES('Premium','email9@gmail.com');
INSERT INTO CLIENTE (Tipologia_cliente,PF1_EMCLIENTE) VALUES('Premium','email10@gmail.com');
INSERT INTO CLIENTE (Tipologia_cliente,PF1_EMCLIENTE) VALUES('Standard','email31@gmail.com');
INSERT INTO CLIENTE (Tipologia_cliente,PF1_EMCLIENTE) VALUES('Standard','email32@gmail.com');
INSERT INTO CLIENTE (Tipologia_cliente,PF1_EMCLIENTE) VALUES('Standard','email33@gmail.com');
INSERT INTO CLIENTE (Tipologia_cliente,PF1_EMCLIENTE) VALUES('Standard','email34@gmail.com');
INSERT INTO CLIENTE (Tipologia_cliente,PF1_EMCLIENTE) VALUES('Standard','email35@gmail.com');
INSERT INTO CLIENTE (Tipologia_cliente,PF1_EMCLIENTE) VALUES('Premium','email36@gmail.com');
INSERT INTO CLIENTE (Tipologia_cliente,PF1_EMCLIENTE) VALUES('Premium','email37@gmail.com');
INSERT INTO CLIENTE (Tipologia_cliente,PF1_EMCLIENTE) VALUES('Premium','email38@gmail.com');
INSERT INTO CLIENTE (Tipologia_cliente,PF1_EMCLIENTE) VALUES('Premium','email39@gmail.com');
INSERT INTO CLIENTE (Tipologia_cliente,PF1_EMCLIENTE) VALUES('Premium','email40@gmail.com');


--INSERT INTO CLIENTE
INSERT INTO MODALITA_PAGAMENTO (F1_emclie,Mod_pagamento) VALUES ('email1@gmail.com','1111111111');
INSERT INTO MODALITA_PAGAMENTO (F1_emclie,Mod_pagamento) VALUES ('email2@gmail.com','1111111112');
INSERT INTO MODALITA_PAGAMENTO (F1_emclie,Mod_pagamento) VALUES ('email3@gmail.com','1111111113');
INSERT INTO MODALITA_PAGAMENTO (F1_emclie,Mod_pagamento) VALUES ('email4@gmail.com','1111111114');
INSERT INTO MODALITA_PAGAMENTO (F1_emclie,Mod_pagamento) VALUES ('email5@gmail.com','1111111115');
INSERT INTO MODALITA_PAGAMENTO (F1_emclie,Mod_pagamento) VALUES ('email6@gmail.com','1111111116');
INSERT INTO MODALITA_PAGAMENTO (F1_emclie,Mod_pagamento) VALUES ('email7@gmail.com','1111111117');
INSERT INTO MODALITA_PAGAMENTO (F1_emclie,Mod_pagamento) VALUES ('email8@gmail.com','1111111118');
INSERT INTO MODALITA_PAGAMENTO (F1_emclie,Mod_pagamento) VALUES ('email9@gmail.com','1111111119');
INSERT INTO MODALITA_PAGAMENTO (F1_emclie,Mod_pagamento) VALUES ('email10@gmail.com','1111111120');
INSERT INTO MODALITA_PAGAMENTO (F1_emclie,Mod_pagamento) VALUES ('email31@gmail.com','1111111121');
INSERT INTO MODALITA_PAGAMENTO (F1_emclie,Mod_pagamento) VALUES ('email32@gmail.com','1111111122');
INSERT INTO MODALITA_PAGAMENTO (F1_emclie,Mod_pagamento) VALUES ('email33@gmail.com','1111111123');
INSERT INTO MODALITA_PAGAMENTO (F1_emclie,Mod_pagamento) VALUES ('email34@gmail.com','1111111124');
INSERT INTO MODALITA_PAGAMENTO (F1_emclie,Mod_pagamento) VALUES ('email35@gmail.com','1111111125');
INSERT INTO MODALITA_PAGAMENTO (F1_emclie,Mod_pagamento) VALUES ('email36@gmail.com','1111111126');
INSERT INTO MODALITA_PAGAMENTO (F1_emclie,Mod_pagamento) VALUES ('email37@gmail.com','1111111127');
INSERT INTO MODALITA_PAGAMENTO (F1_emclie,Mod_pagamento) VALUES ('email38@gmail.com','1111111128');
INSERT INTO MODALITA_PAGAMENTO (F1_emclie,Mod_pagamento) VALUES ('email39@gmail.com','1111111129');
INSERT INTO MODALITA_PAGAMENTO (F1_emclie,Mod_pagamento) VALUES ('email40@gmail.com','1111111130');

--INSERT IN RECENSIONE
INSERT INTO RECENSIONE (N_RECENSIONE,N_STELLE,DATA_RECENSIONE,PF2_EMCLIENTE,PF2_EMVEND,Titolo_Recensione) VALUES('0000000001','4',to_date('2020/05/31:12:00:00AM', 'yyyy/mm/dd:hh:mi:ssam'),'email1@gmail.com', 'email11@gmail.com','Titolo1');
INSERT INTO RECENSIONE (N_RECENSIONE,N_STELLE,DATA_RECENSIONE,PF2_EMCLIENTE,PF2_EMVEND,Titolo_Recensione) VALUES('0000000002','4',to_date('2020/02/20:1:00:00AM', 'yyyy/mm/dd:hh:mi:ssam'),'email1@gmail.com', 'email12@gmail.com','Titolo2');
INSERT INTO RECENSIONE (N_RECENSIONE,N_STELLE,DATA_RECENSIONE,PF2_EMCLIENTE,PF2_EMVEND,Titolo_Recensione) VALUES('0000000003','4',to_date('2020/05/31:11:00:00AM', 'yyyy/mm/dd:hh:mi:ssam'),'email2@gmail.com', 'email11@gmail.com','Titolo3');
INSERT INTO RECENSIONE (N_RECENSIONE,N_STELLE,DATA_RECENSIONE,PF2_EMCLIENTE,PF2_EMVEND,Titolo_Recensione) VALUES('0000000004','4',to_date('2020/05/31:4:40:00AM', 'yyyy/mm/dd:hh:mi:ssam'),'email9@gmail.com', 'email14@gmail.com','Titolo4');
INSERT INTO RECENSIONE (N_RECENSIONE,N_STELLE,DATA_RECENSIONE,PF2_EMCLIENTE,PF2_EMVEND,Titolo_Recensione) VALUES('0000000005','4',to_date('2020/05/20:5:00:00AM', 'yyyy/mm/dd:hh:mi:ssam'),'email4@gmail.com', 'email18@gmail.com','Titolo5');
INSERT INTO RECENSIONE (N_RECENSIONE,N_STELLE,DATA_RECENSIONE,PF2_EMCLIENTE,PF2_EMVEND,Titolo_Recensione) VALUES('0000000006','4',to_date('2020/03/18:12:00:00AM', 'yyyy/mm/dd:hh:mi:ssam'),'email3@gmail.com', 'email14@gmail.com','Titolo6');
INSERT INTO RECENSIONE (N_RECENSIONE,N_STELLE,DATA_RECENSIONE,PF2_EMCLIENTE,PF2_EMVEND,Titolo_Recensione) VALUES('0000000007','4',to_date('2020/03/18:12:10:30AM', 'yyyy/mm/dd:hh:mi:ssam'),'email5@gmail.com', 'email18@gmail.com','Titolo7');
INSERT INTO RECENSIONE (N_RECENSIONE,N_STELLE,DATA_RECENSIONE,PF2_EMCLIENTE,PF2_EMVEND,Titolo_Recensione) VALUES('0000000008','4',to_date('2020/03/18:11:00:00AM', 'yyyy/mm/dd:hh:mi:ssam'),'email2@gmail.com', 'email12@gmail.com','Titolo8');
INSERT INTO RECENSIONE (N_RECENSIONE,N_STELLE,DATA_RECENSIONE,PF2_EMCLIENTE,PF2_EMVEND,Titolo_Recensione) VALUES('0000000009','4',to_date('2020/03/18:5:00:00AM', 'yyyy/mm/dd:hh:mi:ssam'),'email4@gmail.com', 'email12@gmail.com','Titolo9');
INSERT INTO RECENSIONE (N_RECENSIONE,N_STELLE,DATA_RECENSIONE,PF2_EMCLIENTE,PF2_EMVEND,Titolo_Recensione) VALUES('0000000010','4',to_date('2020/03/18:2:00:00AM', 'yyyy/mm/dd:hh:mi:ssam'),'email7@gmail.com', 'email18@gmail.com','Titolo10');
INSERT INTO RECENSIONE (N_RECENSIONE,N_STELLE,DATA_RECENSIONE,PF2_EMCLIENTE,PF2_EMVEND,Titolo_Recensione) VALUES('0000000011','4',to_date('2020/03/18:5:30:00AM', 'yyyy/mm/dd:hh:mi:ssam'),'email3@gmail.com', 'email19@gmail.com','Titolo11');
INSERT INTO RECENSIONE (N_RECENSIONE,N_STELLE,DATA_RECENSIONE,PF2_EMCLIENTE,PF2_EMVEND,Titolo_Recensione) VALUES('0000000012','4',to_date('2020/03/18:12:21:00AM', 'yyyy/mm/dd:hh:mi:ssam'),'email5@gmail.com', 'email14@gmail.com','Titolo12');
INSERT INTO RECENSIONE (N_RECENSIONE,N_STELLE,DATA_RECENSIONE,PF2_EMCLIENTE,PF2_EMVEND,Titolo_Recensione) VALUES('0000000003','3',to_date('2019/05/31:12:00:00AM', 'yyyy/mm/dd:hh:mi:ssam'),'email34@gmail.com', 'email18@gmail.com','Titolo13');
INSERT INTO RECENSIONE (N_RECENSIONE,N_STELLE,DATA_RECENSIONE,PF2_EMCLIENTE,PF2_EMVEND,Titolo_Recensione) VALUES('0000000019','3',to_date('2019/05/31:04:00:00AM', 'yyyy/mm/dd:hh:mi:ssam'),'email37@gmail.com', 'email17@gmail.com','Titolo14');
INSERT INTO RECENSIONE (N_RECENSIONE,N_STELLE,DATA_RECENSIONE,PF2_EMCLIENTE,PF2_EMVEND,Titolo_Recensione) VALUES('0000000015','3',to_date('2019/04/20:08:00:00AM', 'yyyy/mm/dd:hh:mi:ssam'),'email34@gmail.com', 'email17@gmail.com','Titolo15');
INSERT INTO RECENSIONE (N_RECENSIONE,N_STELLE,DATA_RECENSIONE,PF2_EMCLIENTE,PF2_EMVEND,Titolo_Recensione) VALUES('0000000016','3',to_date('2020/05/12:06:00:00AM', 'yyyy/mm/dd:hh:mi:ssam'),'email32@gmail.com', 'email15@gmail.com','Titolo16');
INSERT INTO RECENSIONE (N_RECENSIONE,N_STELLE,DATA_RECENSIONE,PF2_EMCLIENTE,PF2_EMVEND,Titolo_Recensione) VALUES('0000000017','3',to_date('2019/01/05:01:00:00AM', 'yyyy/mm/dd:hh:mi:ssam'),'email31@gmail.com', 'email15@gmail.com','Titolo17');
INSERT INTO RECENSIONE (N_RECENSIONE,N_STELLE,DATA_RECENSIONE,PF2_EMCLIENTE,PF2_EMVEND,Titolo_Recensione) VALUES('0000000018','3',to_date('2019/06/22:11:00:00AM', 'yyyy/mm/dd:hh:mi:ssam'),'email35@gmail.com', 'email24@gmail.com','Titolo18');
INSERT INTO RECENSIONE (N_RECENSIONE,N_STELLE,DATA_RECENSIONE,PF2_EMCLIENTE,PF2_EMVEND,Titolo_Recensione) VALUES('0000000019','3',to_date('2019/03/25:12:00:00AM', 'yyyy/mm/dd:hh:mi:ssam'),'email39@gmail.com', 'email26@gmail.com','Titolo19');
INSERT INTO RECENSIONE (N_RECENSIONE,N_STELLE,DATA_RECENSIONE,PF2_EMCLIENTE,PF2_EMVEND,Titolo_Recensione) VALUES('0000000006','3',to_date('2019/08/10:10:00:00AM', 'yyyy/mm/dd:hh:mi:ssam'),'email10@gmail.com', 'email26@gmail.com','Titolo20');
INSERT INTO RECENSIONE (N_RECENSIONE,N_STELLE,DATA_RECENSIONE,PF2_EMCLIENTE,PF2_EMVEND,Titolo_Recensione) VALUES('0000000021','1',to_date('2019/03/23:04:01:45AM', 'yyyy/mm/dd:hh:mi:ssam'),'email31@gmail.com', 'email21@gmail.com','Titolo21');
INSERT INTO RECENSIONE (N_RECENSIONE,N_STELLE,DATA_RECENSIONE,PF2_EMCLIENTE,PF2_EMVEND,Titolo_Recensione) VALUES('0000000022','3',to_date('2020/05/23:03:43:07AM', 'yyyy/mm/dd:hh:mi:ssam'),'email32@gmail.com', 'email22@gmail.com','Titolo22');
INSERT INTO RECENSIONE (N_RECENSIONE,N_STELLE,DATA_RECENSIONE,PF2_EMCLIENTE,PF2_EMVEND,Titolo_Recensione) VALUES('0000000023','5',to_date('2020/09/23:05:03:33AM', 'yyyy/mm/dd:hh:mi:ssam'),'email33@gmail.com', 'email23@gmail.com','Titolo23');
INSERT INTO RECENSIONE (N_RECENSIONE,N_STELLE,DATA_RECENSIONE,PF2_EMCLIENTE,PF2_EMVEND,Titolo_Recensione) VALUES('0000000024','1',to_date('2019/02/23:01:06:53AM', 'yyyy/mm/dd:hh:mi:ssam'),'email34@gmail.com', 'email24@gmail.com','Titolo24');
INSERT INTO RECENSIONE (N_RECENSIONE,N_STELLE,DATA_RECENSIONE,PF2_EMCLIENTE,PF2_EMVEND,Titolo_Recensione) VALUES('0000000025','2',to_date('2020/07/23:11:07:59AM', 'yyyy/mm/dd:hh:mi:ssam'),'email35@gmail.com', 'email25@gmail.com','Titolo25');
INSERT INTO RECENSIONE (N_RECENSIONE,N_STELLE,DATA_RECENSIONE,PF2_EMCLIENTE,PF2_EMVEND,Titolo_Recensione) VALUES('0000000026','1',to_date('2020/04/04:12:55:12AM', 'yyyy/mm/dd:hh:mi:ssam'),'email36@gmail.com', 'email26@gmail.com','Titolo26');
INSERT INTO RECENSIONE (N_RECENSIONE,N_STELLE,DATA_RECENSIONE,PF2_EMCLIENTE,PF2_EMVEND,Titolo_Recensione) VALUES('0000000027','4',to_date('2020/12/02:09:12:32AM', 'yyyy/mm/dd:hh:mi:ssam'),'email37@gmail.com', 'email27@gmail.com','Titolo27');
INSERT INTO RECENSIONE (N_RECENSIONE,N_STELLE,DATA_RECENSIONE,PF2_EMCLIENTE,PF2_EMVEND,Titolo_Recensione) VALUES('0000000028','5',to_date('2019/04/06:04:00:34AM', 'yyyy/mm/dd:hh:mi:ssam'),'email38@gmail.com', 'email28@gmail.com','Titolo28');
INSERT INTO RECENSIONE (N_RECENSIONE,N_STELLE,DATA_RECENSIONE,PF2_EMCLIENTE,PF2_EMVEND,Titolo_Recensione) VALUES('0000000029','3',to_date('2020/05/03:06:06:46AM', 'yyyy/mm/dd:hh:mi:ssam'),'email39@gmail.com', 'email28@gmail.com','Titolo29');
INSERT INTO RECENSIONE (N_RECENSIONE,N_STELLE,DATA_RECENSIONE,PF2_EMCLIENTE,PF2_EMVEND,Titolo_Recensione) VALUES('0000000030','5',to_date('2019/02/06:12:34:04AM', 'yyyy/mm/dd:hh:mi:ssam'),'email40@gmail.com', 'email30@gmail.com','Titolo30');

--INSERT IN AZIENDA_PROPRIETARIA
INSERT IN AZIENDA_PROPRIETARIA*/
INSERT INTO AZIENDA_PROPRIETARIA(Nome_azienda,Settore_Azienda,Sito_web_azienda,Sede_principale) VALUES('Azienda21','Settore2','www.azienda21.com','SedeAzienda21');
INSERT INTO AZIENDA_PROPRIETARIA(Nome_azienda,Settore_Azienda,Sito_web_azienda,Sede_principale) VALUES('Azienda22','Settore1','www.azienda22.com','SedeAzienda22');
INSERT INTO AZIENDA_PROPRIETARIA(Nome_azienda,Settore_Azienda,Sito_web_azienda,Sede_principale) VALUES('Azienda23','Settore1','www.azienda23.com','SedeAzienda23');
INSERT INTO AZIENDA_PROPRIETARIA(Nome_azienda,Settore_Azienda,Sito_web_azienda,Sede_principale) VALUES('Azienda24','Settore4','www.azienda24.com','SedeAzienda24');
INSERT INTO AZIENDA_PROPRIETARIA(Nome_azienda,Settore_Azienda,Sito_web_azienda,Sede_principale) VALUES('Azienda25','Settore2','www.azienda25.com','SedeAzienda25');
INSERT INTO AZIENDA_PROPRIETARIA(Nome_azienda,Settore_Azienda,Sito_web_azienda,Sede_principale) VALUES('Azienda26','Settore2','www.azienda26.com','SedeAzienda26');
INSERT INTO AZIENDA_PROPRIETARIA(Nome_azienda,Settore_Azienda,Sito_web_azienda,Sede_principale) VALUES('Azienda27','Settore2','www.azienda27.com','SedeAzienda27');
INSERT INTO AZIENDA_PROPRIETARIA(Nome_azienda,Settore_Azienda,Sito_web_azienda,Sede_principale) VALUES('Azienda28','Settore9','www.azienda28.com','SedeAzienda28');
INSERT INTO AZIENDA_PROPRIETARIA(Nome_azienda,Settore_Azienda,Sito_web_azienda,Sede_principale) VALUES('Azienda29','Settore8','www.azienda29.com','SedeAzienda29');
INSERT INTO AZIENDA_PROPRIETARIA(Nome_azienda,Settore_Azienda,Sito_web_azienda,Sede_principale) VALUES('Azienda30','Settore6','www.azienda30.com','SedeAzienda30');
INSERT INTO AZIENDA_PROPRIETARIA(Nome_azienda,Settore_Azienda,Sito_web_azienda,Sede_principale) VALUES('Azienda31','Settore4','www.azienda31.com','SedeAzienda31');
INSERT INTO AZIENDA_PROPRIETARIA(Nome_azienda,Settore_Azienda,Sito_web_azienda,Sede_principale) VALUES('Azienda32','Settore2','www.azienda32.com','SedeAzienda32');
INSERT INTO AZIENDA_PROPRIETARIA(Nome_azienda,Settore_Azienda,Sito_web_azienda,Sede_principale) VALUES('Azienda33','Settore2','www.azienda33.com','SedeAzienda33');
INSERT INTO AZIENDA_PROPRIETARIA(Nome_azienda,Settore_Azienda,Sito_web_azienda,Sede_principale) VALUES('Azienda34','Settore2','www.azienda34.com','SedeAzienda34');
INSERT INTO AZIENDA_PROPRIETARIA(Nome_azienda,Settore_Azienda,Sito_web_azienda,Sede_principale) VALUES('Azienda35','Settore2','www.azienda35.com','SedeAzienda35');
INSERT INTO AZIENDA_PROPRIETARIA(Nome_azienda,Settore_Azienda,Sito_web_azienda,Sede_principale) VALUES('Azienda1','Settore2','www.azienda1.com','SedeAzienda1');
INSERT INTO AZIENDA_PROPRIETARIA(Nome_azienda,Settore_Azienda,Sito_web_azienda,Sede_principale) VALUES('Azienda2','Settore4','www.azienda2.com','SedeAzienda2');
INSERT INTO AZIENDA_PROPRIETARIA(Nome_azienda,Settore_Azienda,Sito_web_azienda,Sede_principale) VALUES('Azienda3','Settore2','www.azienda3.com','SedeAzienda3');
INSERT INTO AZIENDA_PROPRIETARIA(Nome_azienda,Settore_Azienda,Sito_web_azienda,Sede_principale) VALUES('Azienda4','Settore2','www.azienda4.com','SedeAzienda4');
INSERT INTO AZIENDA_PROPRIETARIA(Nome_azienda,Settore_Azienda,Sito_web_azienda,Sede_principale) VALUES('Azienda5','Settore7','www.azienda5.com','SedeAzienda5');
INSERT INTO AZIENDA_PROPRIETARIA(Nome_azienda,Settore_Azienda,Sito_web_azienda,Sede_principale) VALUES('Azienda6','Settore7','www.azienda6.com','SedeAzienda6');
INSERT INTO AZIENDA_PROPRIETARIA(Nome_azienda,Settore_Azienda,Sito_web_azienda,Sede_principale) VALUES('Azienda7','Settore2','www.azienda7.com','SedeAzienda7');
INSERT INTO AZIENDA_PROPRIETARIA(Nome_azienda,Settore_Azienda,Sito_web_azienda,Sede_principale) VALUES('Azienda8','Settore4','www.azienda8.com','SedeAzienda8');
INSERT INTO AZIENDA_PROPRIETARIA(Nome_azienda,Settore_Azienda,Sito_web_azienda,Sede_principale) VALUES('Azienda9','Settore2','www.azienda9.com','SedeAzienda9');
INSERT INTO AZIENDA_PROPRIETARIA(Nome_azienda,Settore_Azienda,Sito_web_azienda,Sede_principale) VALUES('Azienda10','Settore4','www.azienda10.com','SedeAzienda10');
INSERT INTO AZIENDA_PROPRIETARIA(Nome_azienda,Settore_Azienda,Sito_web_azienda,Sede_principale) VALUES('Azienda11','Settore7','www.azienda11.com','SedeAzienda11');
INSERT INTO AZIENDA_PROPRIETARIA(Nome_azienda,Settore_Azienda,Sito_web_azienda,Sede_principale) VALUES('Azienda12','Settore7','www.azienda12.com','SedeAzienda12');
INSERT INTO AZIENDA_PROPRIETARIA(Nome_azienda,Settore_Azienda,Sito_web_azienda,Sede_principale) VALUES('Azienda13','Settore4','www.azienda13.com','SedeAzienda13');
INSERT INTO AZIENDA_PROPRIETARIA(Nome_azienda,Settore_Azienda,Sito_web_azienda,Sede_principale) VALUES('Azienda14','Settore2','www.azienda14.com','SedeAzienda14');
INSERT INTO AZIENDA_PROPRIETARIA(Nome_azienda,Settore_Azienda,Sito_web_azienda,Sede_principale) VALUES('Azienda15','Settore4','www.azienda15.com','SedeAzienda15');
INSERT INTO AZIENDA_PROPRIETARIA(Nome_azienda,Settore_Azienda,Sito_web_azienda,Sede_principale) VALUES('Azienda16','Settore2','www.azienda16.com','SedeAzienda16');
INSERT INTO AZIENDA_PROPRIETARIA(Nome_azienda,Settore_Azienda,Sito_web_azienda,Sede_principale) VALUES('Azienda17','Settore2','www.azienda17.com','SedeAzienda17');
INSERT INTO AZIENDA_PROPRIETARIA(Nome_azienda,Settore_Azienda,Sito_web_azienda,Sede_principale) VALUES('Azienda18','Settore7','www.azienda18.com','SedeAzienda18');
INSERT INTO AZIENDA_PROPRIETARIA(Nome_azienda,Settore_Azienda,Sito_web_azienda,Sede_principale) VALUES('Azienda19','Settore4','www.azienda19.com','SedeAzienda19');
INSERT INTO AZIENDA_PROPRIETARIA(Nome_azienda,Settore_Azienda,Sito_web_azienda,Sede_principale) VALUES('Azienda20','Settore2','www.azienda20.com','SedeAzienda20');

--INSERT IN OFFERTA
INSERT INTO OFFERTA(ID_OFFERTA,PERCENTUALE_SCONTO,INIZIO_OFFERTA,FINE_OFFERTA) VALUES ('01',50,to_date('2020/03/18:01:00:00AM', 'yyyy/mm/dd:hh:mi:ssam'),to_date('2025/03/20:05:00:00AM', 'yyyy/mm/dd:hh:mi:ssam'));
INSERT INTO OFFERTA(ID_OFFERTA,PERCENTUALE_SCONTO,INIZIO_OFFERTA,FINE_OFFERTA) VALUES ('02',20,to_date('2020/04/18:02:00:00AM', 'yyyy/mm/dd:hh:mi:ssam'),to_date('2025/03/20:05:00:00AM', 'yyyy/mm/dd:hh:mi:ssam'));
INSERT INTO OFFERTA(ID_OFFERTA,PERCENTUALE_SCONTO,INIZIO_OFFERTA,FINE_OFFERTA) VALUES ('03',19,to_date('2020/06/10:04:00:00AM', 'yyyy/mm/dd:hh:mi:ssam'),to_date('2025/03/20:05:00:00AM', 'yyyy/mm/dd:hh:mi:ssam'));
INSERT INTO OFFERTA(ID_OFFERTA,PERCENTUALE_SCONTO,INIZIO_OFFERTA,FINE_OFFERTA) VALUES ('04',19,to_date('2020/07/10:05:00:00AM', 'yyyy/mm/dd:hh:mi:ssam'),to_date('2025/03/20:05:00:00AM', 'yyyy/mm/dd:hh:mi:ssam'));
INSERT INTO OFFERTA(ID_OFFERTA,PERCENTUALE_SCONTO,INIZIO_OFFERTA,FINE_OFFERTA) VALUES ('05',19,to_date('2020/08/10:06:00:00AM', 'yyyy/mm/dd:hh:mi:ssam'),to_date('2025/03/20:05:00:00AM', 'yyyy/mm/dd:hh:mi:ssam'));
INSERT INTO OFFERTA(ID_OFFERTA,PERCENTUALE_SCONTO,INIZIO_OFFERTA,FINE_OFFERTA) VALUES ('06',19,to_date('2020/09/10:07:00:00AM', 'yyyy/mm/dd:hh:mi:ssam'),to_date('2025/03/20:05:00:00AM', 'yyyy/mm/dd:hh:mi:ssam'));
INSERT INTO OFFERTA(ID_OFFERTA,PERCENTUALE_SCONTO,INIZIO_OFFERTA,FINE_OFFERTA) VALUES ('07',19,to_date('2020/09/09:08:00:00AM', 'yyyy/mm/dd:hh:mi:ssam'),to_date('2025/03/20:05:00:00AM', 'yyyy/mm/dd:hh:mi:ssam'));
INSERT INTO OFFERTA(ID_OFFERTA,PERCENTUALE_SCONTO,INIZIO_OFFERTA,FINE_OFFERTA) VALUES ('08',19,to_date('2020/10/10:09:00:00AM', 'yyyy/mm/dd:hh:mi:ssam'),to_date('2025/03/20:05:00:00AM', 'yyyy/mm/dd:hh:mi:ssam'));
INSERT INTO OFFERTA(ID_OFFERTA,PERCENTUALE_SCONTO,INIZIO_OFFERTA,FINE_OFFERTA) VALUES ('09',19,to_date('2020/11/10:05:00:00AM', 'yyyy/mm/dd:hh:mi:ssam'),to_date('2025/03/20:05:00:00AM', 'yyyy/mm/dd:hh:mi:ssam'));
INSERT INTO OFFERTA(ID_OFFERTA,PERCENTUALE_SCONTO,INIZIO_OFFERTA,FINE_OFFERTA) VALUES ('10',19,to_date('2019/12/01:05:00:00AM', 'yyyy/mm/dd:hh:mi:ssam'),to_date('2025/03/20:05:00:00AM', 'yyyy/mm/dd:hh:mi:ssam'));
INSERT INTO OFFERTA(ID_OFFERTA,PERCENTUALE_SCONTO,INIZIO_OFFERTA,FINE_OFFERTA) VALUES ('11',34,to_date('2019/12/20:09:00:45AM', 'yyyy/mm/dd:hh:mi:ssam'),to_date('2025/03/20:05:00:00AM', 'yyyy/mm/dd:hh:mi:ssam'));
INSERT INTO OFFERTA(ID_OFFERTA,PERCENTUALE_SCONTO,INIZIO_OFFERTA,FINE_OFFERTA) VALUES ('12',53,to_date('2020/09/18:04:12:32AM', 'yyyy/mm/dd:hh:mi:ssam'),to_date('2025/03/20:05:00:00AM', 'yyyy/mm/dd:hh:mi:ssam'));
INSERT INTO OFFERTA(ID_OFFERTA,PERCENTUALE_SCONTO,INIZIO_OFFERTA,FINE_OFFERTA) VALUES ('13',75,to_date('2020/11/12:05:23:42AM', 'yyyy/mm/dd:hh:mi:ssam'),to_date('2025/03/20:05:00:00AM', 'yyyy/mm/dd:hh:mi:ssam'));
INSERT INTO OFFERTA(ID_OFFERTA,PERCENTUALE_SCONTO,INIZIO_OFFERTA,FINE_OFFERTA) VALUES ('14',55,to_date('2019/01/21:08:21:43AM', 'yyyy/mm/dd:hh:mi:ssam'),to_date('2025/03/20:05:00:00AM', 'yyyy/mm/dd:hh:mi:ssam'));
INSERT INTO OFFERTA(ID_OFFERTA,PERCENTUALE_SCONTO,INIZIO_OFFERTA,FINE_OFFERTA) VALUES ('15',50,to_date('2020/03/30:04:42:12AM', 'yyyy/mm/dd:hh:mi:ssam'),to_date('2025/03/20:05:00:00AM', 'yyyy/mm/dd:hh:mi:ssam'));
INSERT INTO OFFERTA(ID_OFFERTA,PERCENTUALE_SCONTO,INIZIO_OFFERTA,FINE_OFFERTA) VALUES ('16',30,to_date('2020/07/18:07:21:03AM', 'yyyy/mm/dd:hh:mi:ssam'),to_date('2025/03/20:05:00:00AM', 'yyyy/mm/dd:hh:mi:ssam'));
INSERT INTO OFFERTA(ID_OFFERTA,PERCENTUALE_SCONTO,INIZIO_OFFERTA,FINE_OFFERTA) VALUES ('17',25,to_date('2020/06/09:05:56:08AM', 'yyyy/mm/dd:hh:mi:ssam'),to_date('2025/03/20:05:00:00AM', 'yyyy/mm/dd:hh:mi:ssam'));
INSERT INTO OFFERTA(ID_OFFERTA,PERCENTUALE_SCONTO,INIZIO_OFFERTA,FINE_OFFERTA) VALUES ('18',43,to_date('2020/02/23:08:34:09AM', 'yyyy/mm/dd:hh:mi:ssam'),to_date('2025/03/20:05:00:00AM', 'yyyy/mm/dd:hh:mi:ssam'));
INSERT INTO OFFERTA(ID_OFFERTA,PERCENTUALE_SCONTO,INIZIO_OFFERTA,FINE_OFFERTA) VALUES ('19',80,to_date('2019/08/14:05:12:44AM', 'yyyy/mm/dd:hh:mi:ssam'),to_date('2025/03/20:05:00:00AM', 'yyyy/mm/dd:hh:mi:ssam'));
INSERT INTO OFFERTA(ID_OFFERTA,PERCENTUALE_SCONTO,INIZIO_OFFERTA,FINE_OFFERTA) VALUES ('20',15,to_date('2020/10/19:01:43:21AM', 'yyyy/mm/dd:hh:mi:ssam'),to_date('2025/03/20:05:00:00AM', 'yyyy/mm/dd:hh:mi:ssam'));

--INSERT IN GRUPPO_ASSISTENZA
INSERT INTO GRUPPO_ASSISTENZA (Nome_gruppo,Categoria,N_dipendenti) VALUES('Gruppo1','Informazioni',10);
INSERT INTO GRUPPO_ASSISTENZA (Nome_gruppo,Categoria,N_dipendenti) VALUES('Gruppo2','Pagamenti',3);
INSERT INTO GRUPPO_ASSISTENZA (Nome_gruppo,Categoria,N_dipendenti) VALUES('Gruppo3','Tecnica',5);
INSERT INTO GRUPPO_ASSISTENZA (Nome_gruppo,Categoria,N_dipendenti) VALUES('Gruppo4','Informazioni',8);
INSERT INTO GRUPPO_ASSISTENZA (Nome_gruppo,Categoria,N_dipendenti) VALUES('Gruppo5','Pagamenti',4);
INSERT INTO GRUPPO_ASSISTENZA (Nome_gruppo,Categoria,N_dipendenti) VALUES('Gruppo6','Pagamenti',6);
INSERT INTO GRUPPO_ASSISTENZA (Nome_gruppo,Categoria,N_dipendenti) VALUES('Gruppo7','Tecnica',10);
INSERT INTO GRUPPO_ASSISTENZA (Nome_gruppo,Categoria,N_dipendenti) VALUES('Gruppo8','Pagamenti',15);
INSERT INTO GRUPPO_ASSISTENZA (Nome_gruppo,Categoria,N_dipendenti) VALUES('Gruppo9','Pagamenti',3);
INSERT INTO GRUPPO_ASSISTENZA (Nome_gruppo,Categoria,N_dipendenti) VALUES('Gruppo10','Pagamenti',4);
INSERT INTO GRUPPO_ASSISTENZA (Nome_gruppo,Categoria,N_dipendenti) VALUES('Gruppo11','Pagamenti',3);
INSERT INTO GRUPPO_ASSISTENZA (Nome_gruppo,Categoria,N_dipendenti) VALUES('Gruppo12','Pagamenti',3);
INSERT INTO GRUPPO_ASSISTENZA (Nome_gruppo,Categoria,N_dipendenti) VALUES('Gruppo13','Pagamenti',6);
INSERT INTO GRUPPO_ASSISTENZA (Nome_gruppo,Categoria,N_dipendenti) VALUES('Gruppo14','Pagamenti',8);
INSERT INTO GRUPPO_ASSISTENZA (Nome_gruppo,Categoria,N_dipendenti) VALUES('Gruppo15','Informazioni',6);
INSERT INTO GRUPPO_ASSISTENZA (Nome_gruppo,Categoria,N_dipendenti) VALUES('Gruppo16','Pagamenti',8);
INSERT INTO GRUPPO_ASSISTENZA (Nome_gruppo,Categoria,N_dipendenti) VALUES('Gruppo17','Informazioni',4);
INSERT INTO GRUPPO_ASSISTENZA (Nome_gruppo,Categoria,N_dipendenti) VALUES('Gruppo18','Tecnica',6);
INSERT INTO GRUPPO_ASSISTENZA (Nome_gruppo,Categoria,N_dipendenti) VALUES('Gruppo19','Pagamenti',8);
INSERT INTO GRUPPO_ASSISTENZA (Nome_gruppo,Categoria,N_dipendenti) VALUES('Gruppo20','Pagamenti',11);

--INSERT IN DATA_ASSISTENZA
INSERT INTO DATA_ASSISTENZA(Dataass_apertura,Dataass_chiusura, F1_nomegruppo) VALUES (to_date('2020/10/03:01:43:21AM', 'yyyy/mm/dd:hh:mi:ssam'),to_date('2020/10/04:01:43:21AM', 'yyyy/mm/dd:hh:mi:ssam'),'Gruppo1');
INSERT INTO DATA_ASSISTENZA(Dataass_apertura,Dataass_chiusura, F1_nomegruppo) VALUES (to_date('2020/10/02:01:43:21AM', 'yyyy/mm/dd:hh:mi:ssam'),to_date('2023/10/04:01:43:21AM', 'yyyy/mm/dd:hh:mi:ssam'),'Gruppo2');
INSERT INTO DATA_ASSISTENZA(Dataass_apertura,Dataass_chiusura, F1_nomegruppo) VALUES (to_date('2020/10/04:01:43:21AM', 'yyyy/mm/dd:hh:mi:ssam'),to_date('2022/10/04:01:43:21AM', 'yyyy/mm/dd:hh:mi:ssam'),'Gruppo3');
INSERT INTO DATA_ASSISTENZA(Dataass_apertura,Dataass_chiusura, F1_nomegruppo) VALUES (to_date('2020/10/02:01:43:21AM', 'yyyy/mm/dd:hh:mi:ssam'),to_date('2020/10/04:01:43:21AM', 'yyyy/mm/dd:hh:mi:ssam'),'Gruppo4');
INSERT INTO DATA_ASSISTENZA(Dataass_apertura,Dataass_chiusura, F1_nomegruppo) VALUES (to_date('2020/10/01:01:43:21AM', 'yyyy/mm/dd:hh:mi:ssam'),to_date('2020/10/19:01:43:21AM', 'yyyy/mm/dd:hh:mi:ssam'),'Gruppo5');
INSERT INTO DATA_ASSISTENZA(Dataass_apertura,Dataass_chiusura, F1_nomegruppo) VALUES (to_date('2019/10/14:01:43:21AM', 'yyyy/mm/dd:hh:mi:ssam'),to_date('2019/10/15:01:43:21AM', 'yyyy/mm/dd:hh:mi:ssam'),'Gruppo6');
INSERT INTO DATA_ASSISTENZA(Dataass_apertura,Dataass_chiusura, F1_nomegruppo) VALUES (to_date('2019/10/16:01:43:21AM', 'yyyy/mm/dd:hh:mi:ssam'),to_date('2019/10/17:01:43:21AM', 'yyyy/mm/dd:hh:mi:ssam'),'Gruppo7');
INSERT INTO DATA_ASSISTENZA(Dataass_apertura,Dataass_chiusura, F1_nomegruppo) VALUES (to_date('2019/10/11:01:43:21AM', 'yyyy/mm/dd:hh:mi:ssam'),to_date('2019/10/19:01:43:21AM', 'yyyy/mm/dd:hh:mi:ssam'),'Gruppo8');
INSERT INTO DATA_ASSISTENZA(Dataass_apertura,Dataass_chiusura, F1_nomegruppo) VALUES (to_date('2019/10/07:01:43:21AM', 'yyyy/mm/dd:hh:mi:ssam'),to_date('2020/10/19:01:43:21AM', 'yyyy/mm/dd:hh:mi:ssam'),'Gruppo9');
INSERT INTO DATA_ASSISTENZA(Dataass_apertura,Dataass_chiusura, F1_nomegruppo) VALUES (to_date('2020/10/08:01:43:21AM', 'yyyy/mm/dd:hh:mi:ssam'),to_date('2020/10/09:01:43:21AM', 'yyyy/mm/dd:hh:mi:ssam'),'Gruppo10');
INSERT INTO DATA_ASSISTENZA(Dataass_apertura,Dataass_chiusura, F1_nomegruppo) VALUES (to_date('2020/10/09:01:43:21AM', 'yyyy/mm/dd:hh:mi:ssam'),to_date('2020/10/10:01:43:21AM', 'yyyy/mm/dd:hh:mi:ssam'),'Gruppo11');
INSERT INTO DATA_ASSISTENZA(Dataass_apertura,Dataass_chiusura, F1_nomegruppo) VALUES (to_date('2020/10/10:01:43:21AM', 'yyyy/mm/dd:hh:mi:ssam'),to_date('2020/10/11:01:43:21AM', 'yyyy/mm/dd:hh:mi:ssam'),'Gruppo12');
INSERT INTO DATA_ASSISTENZA(Dataass_apertura,Dataass_chiusura, F1_nomegruppo) VALUES (to_date('2020/10/11:01:43:21AM', 'yyyy/mm/dd:hh:mi:ssam'),to_date('2020/10/12:01:43:21AM', 'yyyy/mm/dd:hh:mi:ssam'),'Gruppo13');
INSERT INTO DATA_ASSISTENZA(Dataass_apertura,Dataass_chiusura, F1_nomegruppo) VALUES (to_date('2020/10/12:01:43:21AM', 'yyyy/mm/dd:hh:mi:ssam'),to_date('2020/10/13:01:43:21AM', 'yyyy/mm/dd:hh:mi:ssam'),'Gruppo14');
INSERT INTO DATA_ASSISTENZA(Dataass_apertura,Dataass_chiusura, F1_nomegruppo) VALUES (to_date('2020/10/13:01:43:21AM', 'yyyy/mm/dd:hh:mi:ssam'),to_date('2020/10/14:01:43:21AM', 'yyyy/mm/dd:hh:mi:ssam'),'Gruppo15');
INSERT INTO DATA_ASSISTENZA(Dataass_apertura,Dataass_chiusura, F1_nomegruppo) VALUES (to_date('2020/10/14:01:43:21AM', 'yyyy/mm/dd:hh:mi:ssam'),to_date('2020/10/15:01:43:21AM', 'yyyy/mm/dd:hh:mi:ssam'),'Gruppo16');
INSERT INTO DATA_ASSISTENZA(Dataass_apertura,Dataass_chiusura, F1_nomegruppo) VALUES (to_date('2020/10/15:01:43:21AM', 'yyyy/mm/dd:hh:mi:ssam'),to_date('2020/10/16:01:43:21AM', 'yyyy/mm/dd:hh:mi:ssam'),'Gruppo17');
INSERT INTO DATA_ASSISTENZA(Dataass_apertura,Dataass_chiusura, F1_nomegruppo) VALUES (to_date('2020/10/16:01:43:21AM', 'yyyy/mm/dd:hh:mi:ssam'),to_date('2020/10/17:01:43:21AM', 'yyyy/mm/dd:hh:mi:ssam'),'Gruppo18');
INSERT INTO DATA_ASSISTENZA(Dataass_apertura,Dataass_chiusura, F1_nomegruppo) VALUES (to_date('2020/10/17:01:43:21AM', 'yyyy/mm/dd:hh:mi:ssam'),to_date('2020/10/18:01:43:21AM', 'yyyy/mm/dd:hh:mi:ssam'),'Gruppo19');
INSERT INTO DATA_ASSISTENZA(Dataass_apertura,Dataass_chiusura, F1_nomegruppo) VALUES (to_date('2020/10/19:01:43:21AM', 'yyyy/mm/dd:hh:mi:ssam'),to_date('2020/10/20:01:43:21AM', 'yyyy/mm/dd:hh:mi:ssam'),'Gruppo20');


--INSERT IN CATEGORIA_SOFTWARE
INSERT INTO CATEGORIA_SOFTWARE(NOME_CATEGORIA,STATO_CATEGORIA)VALUES('Nomecat1','ON');
INSERT INTO CATEGORIA_SOFTWARE(NOME_CATEGORIA,STATO_CATEGORIA)VALUES('Nomecat2','ON');
INSERT INTO CATEGORIA_SOFTWARE(NOME_CATEGORIA,STATO_CATEGORIA)VALUES('Nomecat3','ON');
INSERT INTO CATEGORIA_SOFTWARE(NOME_CATEGORIA,STATO_CATEGORIA)VALUES('Nomecat4','ON');
INSERT INTO CATEGORIA_SOFTWARE(NOME_CATEGORIA,STATO_CATEGORIA)VALUES('Nomecat5','ON');
INSERT INTO CATEGORIA_SOFTWARE(NOME_CATEGORIA,STATO_CATEGORIA)VALUES('Nomecat6','ON');
INSERT INTO CATEGORIA_SOFTWARE(NOME_CATEGORIA,STATO_CATEGORIA)VALUES('Nomecat7','ON');
INSERT INTO CATEGORIA_SOFTWARE(NOME_CATEGORIA,STATO_CATEGORIA)VALUES('Nomecat8','ON');
INSERT INTO CATEGORIA_SOFTWARE(NOME_CATEGORIA,STATO_CATEGORIA)VALUES('Nomecat9','ON');
INSERT INTO CATEGORIA_SOFTWARE(NOME_CATEGORIA,STATO_CATEGORIA)VALUES('Nomecat10','OFF');
INSERT INTO CATEGORIA_SOFTWARE(NOME_CATEGORIA,STATO_CATEGORIA)VALUES('Nomecat11','ON');
INSERT INTO CATEGORIA_SOFTWARE(NOME_CATEGORIA,STATO_CATEGORIA)VALUES('Nomecat12','ON');
INSERT INTO CATEGORIA_SOFTWARE(NOME_CATEGORIA,STATO_CATEGORIA)VALUES('Nomecat13','ON');
INSERT INTO CATEGORIA_SOFTWARE(NOME_CATEGORIA,STATO_CATEGORIA)VALUES('Nomecat14','ON');
INSERT INTO CATEGORIA_SOFTWARE(NOME_CATEGORIA,STATO_CATEGORIA)VALUES('Nomecat15','ON');
INSERT INTO CATEGORIA_SOFTWARE(NOME_CATEGORIA,STATO_CATEGORIA)VALUES('Nomecat16','OFF');
INSERT INTO CATEGORIA_SOFTWARE(NOME_CATEGORIA,STATO_CATEGORIA)VALUES('Nomecat17','ON');
INSERT INTO CATEGORIA_SOFTWARE(NOME_CATEGORIA,STATO_CATEGORIA)VALUES('Nomecat18','ON');
INSERT INTO CATEGORIA_SOFTWARE(NOME_CATEGORIA,STATO_CATEGORIA)VALUES('Nomecat19','ON');
INSERT INTO CATEGORIA_SOFTWARE(NOME_CATEGORIA,STATO_CATEGORIA)VALUES('Nomecat20','ON');
INSERT INTO CATEGORIA_SOFTWARE(NOME_CATEGORIA,STATO_CATEGORIA)VALUES('Nomecat21','ON');
INSERT INTO CATEGORIA_SOFTWARE(NOME_CATEGORIA,STATO_CATEGORIA)VALUES('Nomecat22','ON');
INSERT INTO CATEGORIA_SOFTWARE(NOME_CATEGORIA,STATO_CATEGORIA)VALUES('Nomecat23','OFF');
INSERT INTO CATEGORIA_SOFTWARE(NOME_CATEGORIA,STATO_CATEGORIA)VALUES('Nomecat24','ON');
INSERT INTO CATEGORIA_SOFTWARE(NOME_CATEGORIA,STATO_CATEGORIA)VALUES('Nomecat25','ON');
INSERT INTO CATEGORIA_SOFTWARE(NOME_CATEGORIA,STATO_CATEGORIA)VALUES('Nomecat26','ON');
INSERT INTO CATEGORIA_SOFTWARE(NOME_CATEGORIA,STATO_CATEGORIA)VALUES('Nomecat27','ON');
INSERT INTO CATEGORIA_SOFTWARE(NOME_CATEGORIA,STATO_CATEGORIA)VALUES('Nomecat28','ON'); 
INSERT INTO CATEGORIA_SOFTWARE(NOME_CATEGORIA,STATO_CATEGORIA)VALUES('Nomecat29','ON');
INSERT INTO CATEGORIA_SOFTWARE(NOME_CATEGORIA,STATO_CATEGORIA)VALUES('Nomecat30','ON');

--INSERT IN PUBBLICITA
INSERT INTO PUBBLICITA(NOME_PRODOTTO,URL_PUBBLICITA,PRIORITA_PUBBLICITA,AZIENDA_PUBBLICIZZANTE)VALUES('Nomeprod1','www.publ1.com',1,'Aziendapubb1');
INSERT INTO PUBBLICITA(NOME_PRODOTTO,URL_PUBBLICITA,PRIORITA_PUBBLICITA,AZIENDA_PUBBLICIZZANTE)VALUES('Nomeprod2','www.publ2.com',2,'Aziendapubb2');
INSERT INTO PUBBLICITA(NOME_PRODOTTO,URL_PUBBLICITA,PRIORITA_PUBBLICITA,AZIENDA_PUBBLICIZZANTE)VALUES('Nomeprod3','www.publ3.com',4,'Aziendapubb3');
INSERT INTO PUBBLICITA(NOME_PRODOTTO,URL_PUBBLICITA,PRIORITA_PUBBLICITA,AZIENDA_PUBBLICIZZANTE)VALUES('Nomeprod4','www.publ4.com',2,'Aziendapubb4');
INSERT INTO PUBBLICITA(NOME_PRODOTTO,URL_PUBBLICITA,PRIORITA_PUBBLICITA,AZIENDA_PUBBLICIZZANTE)VALUES('Nomeprod5','www.publ5.com',1,'Aziendapubb5');
INSERT INTO PUBBLICITA(NOME_PRODOTTO,URL_PUBBLICITA,PRIORITA_PUBBLICITA,AZIENDA_PUBBLICIZZANTE)VALUES('Nomeprod6','www.publ6.com',5,'Aziendapubb6');
INSERT INTO PUBBLICITA(NOME_PRODOTTO,URL_PUBBLICITA,PRIORITA_PUBBLICITA,AZIENDA_PUBBLICIZZANTE)VALUES('Nomeprod7','www.publ7.com',3,'Aziendapubb7');
INSERT INTO PUBBLICITA(NOME_PRODOTTO,URL_PUBBLICITA,PRIORITA_PUBBLICITA,AZIENDA_PUBBLICIZZANTE)VALUES('Nomeprod8','www.publ8.com',1,'Aziendapubb8');
INSERT INTO PUBBLICITA(NOME_PRODOTTO,URL_PUBBLICITA,PRIORITA_PUBBLICITA,AZIENDA_PUBBLICIZZANTE)VALUES('Nomeprod9','www.publ9.com',1,'Aziendapubb9');
INSERT INTO PUBBLICITA(NOME_PRODOTTO,URL_PUBBLICITA,PRIORITA_PUBBLICITA,AZIENDA_PUBBLICIZZANTE)VALUES('Nomeprod10','www.publ10.com',2,'Aziendapubb10');
INSERT INTO PUBBLICITA(NOME_PRODOTTO,URL_PUBBLICITA,PRIORITA_PUBBLICITA,AZIENDA_PUBBLICIZZANTE)VALUES('Nomeprod11','www.publ11.com',3,'Aziendapubb11');
INSERT INTO PUBBLICITA(NOME_PRODOTTO,URL_PUBBLICITA,PRIORITA_PUBBLICITA,AZIENDA_PUBBLICIZZANTE)VALUES('Nomeprod12','www.publ12.com',3,'Aziendapubb12');
INSERT INTO PUBBLICITA(NOME_PRODOTTO,URL_PUBBLICITA,PRIORITA_PUBBLICITA,AZIENDA_PUBBLICIZZANTE)VALUES('Nomeprod13','www.publ13.com',1,'Aziendapubb13');
INSERT INTO PUBBLICITA(NOME_PRODOTTO,URL_PUBBLICITA,PRIORITA_PUBBLICITA,AZIENDA_PUBBLICIZZANTE)VALUES('Nomeprod14','www.publ14.com',2,'Aziendapubb14');
INSERT INTO PUBBLICITA(NOME_PRODOTTO,URL_PUBBLICITA,PRIORITA_PUBBLICITA,AZIENDA_PUBBLICIZZANTE)VALUES('Nomeprod15','www.publ15.com',4,'Aziendapubb15');
INSERT INTO PUBBLICITA(NOME_PRODOTTO,URL_PUBBLICITA,PRIORITA_PUBBLICITA,AZIENDA_PUBBLICIZZANTE)VALUES('Nomeprod16','www.publ16.com',5,'Aziendapubb16');
INSERT INTO PUBBLICITA(NOME_PRODOTTO,URL_PUBBLICITA,PRIORITA_PUBBLICITA,AZIENDA_PUBBLICIZZANTE)VALUES('Nomeprod17','www.publ17.com',5,'Aziendapubb17');
INSERT INTO PUBBLICITA(NOME_PRODOTTO,URL_PUBBLICITA,PRIORITA_PUBBLICITA,AZIENDA_PUBBLICIZZANTE)VALUES('Nomeprod18','www.publ18.com',3,'Aziendapubb18');
INSERT INTO PUBBLICITA(NOME_PRODOTTO,URL_PUBBLICITA,PRIORITA_PUBBLICITA,AZIENDA_PUBBLICIZZANTE)VALUES('Nomeprod19','www.publ19.com',2,'Aziendapubb19');
INSERT INTO PUBBLICITA(NOME_PRODOTTO,URL_PUBBLICITA,PRIORITA_PUBBLICITA,AZIENDA_PUBBLICIZZANTE)VALUES('Nomeprod20','www.publ20.com',1,'Aziendapubb20');


--INSERT IN PRODOTTO_SOFTWARE
INSERT INTO PRODOTTO_SOFTWARE (Nome_software,Versione_software,Lingua,Dimensione_file,Prezzo_prodotto,Piu18,Data_di_uscita,PF1_NOMEAZ,F1_NOMECAT) VALUES('Software1','Vers1','Ita',100,1,'S',to_date('01-01-01:02:01:01AM','yyyy/mm/dd:hh:mi:ssam'),'Azienda1','Nomecat1');
INSERT INTO PRODOTTO_SOFTWARE (Nome_software,Versione_software,Lingua,Dimensione_file,Prezzo_prodotto,Piu18,Data_di_uscita,PF1_NOMEAZ,F1_NOMECAT) VALUES('Software1','Vers2','Ita',200,2,'S',to_date('02-02-02:01:03:01AM','yyyy/mm/dd:hh:mi:ssam'),'Azienda2','Nomecat2');
INSERT INTO PRODOTTO_SOFTWARE (Nome_software,Versione_software,Lingua,Dimensione_file,Prezzo_prodotto,Piu18,Data_di_uscita,PF1_NOMEAZ,F1_NOMECAT) VALUES('Software2','Vers1','Ita',300,3,'N',to_date('03-03-03:07:01:01AM','yyyy/mm/dd:hh:mi:ssam'),'Azienda3','Nomecat3');
INSERT INTO PRODOTTO_SOFTWARE (Nome_software,Versione_software,Lingua,Dimensione_file,Prezzo_prodotto,Piu18,Data_di_uscita,PF1_NOMEAZ,F1_NOMECAT) VALUES('Software2','Vers2','Ita',400,4,'N',to_date('04-04-04:01:11:22AM','yyyy/mm/dd:hh:mi:ssam'),'Azienda4','Nomecat4');
INSERT INTO PRODOTTO_SOFTWARE (Nome_software,Versione_software,Lingua,Dimensione_file,Prezzo_prodotto,Piu18,Data_di_uscita,PF1_NOMEAZ,F1_NOMECAT) VALUES('Software3','Vers1','Ita',500,5,'S',to_date('05-05-05:05:01:11AM','yyyy/mm/dd:hh:mi:ssam'),'Azienda5','Nomecat5');
INSERT INTO PRODOTTO_SOFTWARE (Nome_software,Versione_software,Lingua,Dimensione_file,Prezzo_prodotto,Piu18,Data_di_uscita,PF1_NOMEAZ,F1_NOMECAT) VALUES('Software3','Vers2','Ita',600,6,'S',to_date('06-06-06:06:11:03AM','yyyy/mm/dd:hh:mi:ssam'),'Azienda6','Nomecat6');
INSERT INTO PRODOTTO_SOFTWARE (Nome_software,Versione_software,Lingua,Dimensione_file,Prezzo_prodotto,Piu18,Data_di_uscita,PF1_NOMEAZ,F1_NOMECAT) VALUES('Software4','Vers1','Ita',700,7,'S',to_date('07-07-07:02:11:20AM','yyyy/mm/dd:hh:mi:ssam'),'Azienda7','Nomecat7');
INSERT INTO PRODOTTO_SOFTWARE (Nome_software,Versione_software,Lingua,Dimensione_file,Prezzo_prodotto,Piu18,Data_di_uscita,PF1_NOMEAZ,F1_NOMECAT) VALUES('Software4','Vers2','Ita',800,8,'N',to_date('08-08-08:03:11:21AM','yyyy/mm/dd:hh:mi:ssam'),'Azienda8','Nomecat8');
INSERT INTO PRODOTTO_SOFTWARE (Nome_software,Versione_software,Lingua,Dimensione_file,Prezzo_prodotto,Piu18,Data_di_uscita,PF1_NOMEAZ,F1_NOMECAT) VALUES('Software5','Vers1','Ita',900,9,'N',to_date('09-09-09:03:11:30AM','yyyy/mm/dd:hh:mi:ssam'),'Azienda9','Nomecat9');
INSERT INTO PRODOTTO_SOFTWARE (Nome_software,Versione_software,Lingua,Dimensione_file,Prezzo_prodotto,Piu18,Data_di_uscita,PF1_NOMEAZ,F1_NOMECAT) VALUES('Software5','Vers2','Ita',1000,10,'S',to_date('10-10-10:05:21:31AM','yyyy/mm/dd:hh:mi:ssam'),'Azienda10','Nomecat10');
INSERT INTO PRODOTTO_SOFTWARE (Nome_software,Versione_software,Lingua,Dimensione_file,Prezzo_prodotto,Piu18,Data_di_uscita,PF1_NOMEAZ,F1_NOMECAT) VALUES('Software6','Vers1','Ita',1100,11,'S',to_date('11-11-11:04:50:41AM','yyyy/mm/dd:hh:mi:ssam'),'Azienda11','Nomecat11');
INSERT INTO PRODOTTO_SOFTWARE (Nome_software,Versione_software,Lingua,Dimensione_file,Prezzo_prodotto,Piu18,Data_di_uscita,PF1_NOMEAZ,F1_NOMECAT) VALUES('Software6','Vers2','Ita',1200,12,'S',to_date('12-12-12:05:21:51AM','yyyy/mm/dd:hh:mi:ssam'),'Azienda12','Nomecat12');
INSERT INTO PRODOTTO_SOFTWARE (Nome_software,Versione_software,Lingua,Dimensione_file,Prezzo_prodotto,Piu18,Data_di_uscita,PF1_NOMEAZ,F1_NOMECAT) VALUES('Software7','Vers1','Eng',1300,13,'S',to_date('13-01-13:02:11:47AM','yyyy/mm/dd:hh:mi:ssam'),'Azienda13','Nomecat13');
INSERT INTO PRODOTTO_SOFTWARE (Nome_software,Versione_software,Lingua,Dimensione_file,Prezzo_prodotto,Piu18,Data_di_uscita,PF1_NOMEAZ,F1_NOMECAT) VALUES('Software7','Vers2','Ita',1400,14,'S',to_date('14-02-14:05:23:07AM','yyyy/mm/dd:hh:mi:ssam'),'Azienda14','Nomecat14');
INSERT INTO PRODOTTO_SOFTWARE (Nome_software,Versione_software,Lingua,Dimensione_file,Prezzo_prodotto,Piu18,Data_di_uscita,PF1_NOMEAZ,F1_NOMECAT) VALUES('Software8','Vers1','Ita',1500,15,'S',to_date('15-03-15:11:02:08AM','yyyy/mm/dd:hh:mi:ssam'),'Azienda15','Nomecat15');
INSERT INTO PRODOTTO_SOFTWARE (Nome_software,Versione_software,Lingua,Dimensione_file,Prezzo_prodotto,Piu18,Data_di_uscita,PF1_NOMEAZ,F1_NOMECAT) VALUES('Software8','Vers2','Eng',1600,16,'S',to_date('16-04-16:02:31:09AM','yyyy/mm/dd:hh:mi:ssam'),'Azienda16','Nomecat16');
INSERT INTO PRODOTTO_SOFTWARE (Nome_software,Versione_software,Lingua,Dimensione_file,Prezzo_prodotto,Piu18,Data_di_uscita,PF1_NOMEAZ,F1_NOMECAT) VALUES('Software9','Vers1','Ita',1700,17,'N',to_date('17-05-17:03:02:09AM','yyyy/mm/dd:hh:mi:ssam'),'Azienda17','Nomecat17');
INSERT INTO PRODOTTO_SOFTWARE (Nome_software,Versione_software,Lingua,Dimensione_file,Prezzo_prodotto,Piu18,Data_di_uscita,PF1_NOMEAZ,F1_NOMECAT) VALUES('Software9','Vers2','Ita',1800,18,'N',to_date('18-06-18:07:05:32AM','yyyy/mm/dd:hh:mi:ssam'),'Azienda18','Nomecat18');
INSERT INTO PRODOTTO_SOFTWARE (Nome_software,Versione_software,Lingua,Dimensione_file,Prezzo_prodotto,Piu18,Data_di_uscita,PF1_NOMEAZ,F1_NOMECAT) VALUES('Software10','Vers1','Eng',1900,19,'S',to_date('19-07-19:05:05:33AM','yyyy/mm/dd:hh:mi:ssam'),'Azienda19','Nomecat19');
INSERT INTO PRODOTTO_SOFTWARE (Nome_software,Versione_software,Lingua,Dimensione_file,Prezzo_prodotto,Piu18,Data_di_uscita,PF1_NOMEAZ,F1_NOMECAT) VALUES('Software10','Vers2','Ita',2000,20,'S',to_date('01-08-20:10:32:21AM','yyyy/mm/dd:hh:mi:ssam'),'Azienda20','Nomecat20');
INSERT INTO PRODOTTO_SOFTWARE (Nome_software,Versione_software,Lingua,Dimensione_file,Prezzo_prodotto,Piu18,Data_di_uscita,PF1_NOMEAZ,F1_NOMECAT) VALUES('Software11','Vers1','Ita',2100,21,'S',to_date('11-09-21:05:07:08AM','yyyy/mm/dd:hh:mi:ssam'),'Azienda21','Nomecat21');
INSERT INTO PRODOTTO_SOFTWARE (Nome_software,Versione_software,Lingua,Dimensione_file,Prezzo_prodotto,Piu18,Data_di_uscita,PF1_NOMEAZ,F1_NOMECAT) VALUES('Software11','Vers2','Ita',2200,22,'S',to_date('12-10-22:11:13:22AM','yyyy/mm/dd:hh:mi:ssam'),'Azienda22','Nomecat22');
INSERT INTO PRODOTTO_SOFTWARE (Nome_software,Versione_software,Lingua,Dimensione_file,Prezzo_prodotto,Piu18,Data_di_uscita,PF1_NOMEAZ,F1_NOMECAT) VALUES('Software12','Vers1','Ita',2300,23,'N',to_date('13-11-23:07:23:22AM','yyyy/mm/dd:hh:mi:ssam'),'Azienda23','Nomecat23');
INSERT INTO PRODOTTO_SOFTWARE (Nome_software,Versione_software,Lingua,Dimensione_file,Prezzo_prodotto,Piu18,Data_di_uscita,PF1_NOMEAZ,F1_NOMECAT) VALUES('Software12','Vers2','Ita',2400,24,'N',to_date('14-12-24:09:02:43AM','yyyy/mm/dd:hh:mi:ssam'),'Azienda24','Nomecat24');
INSERT INTO PRODOTTO_SOFTWARE (Nome_software,Versione_software,Lingua,Dimensione_file,Prezzo_prodotto,Piu18,Data_di_uscita,PF1_NOMEAZ,F1_NOMECAT) VALUES('Software13','Vers1','Ita',2500,25,'S',to_date('15-01-25:04:34:53AM','yyyy/mm/dd:hh:mi:ssam'),'Azienda25','Nomecat25');
INSERT INTO PRODOTTO_SOFTWARE (Nome_software,Versione_software,Lingua,Dimensione_file,Prezzo_prodotto,Piu18,Data_di_uscita,PF1_NOMEAZ,F1_NOMECAT) VALUES('Software13','Vers2','Ita',2600,26,'S',to_date('16-02-26:03:22:21AM','yyyy/mm/dd:hh:mi:ssam'),'Azienda26','Nomecat26');
INSERT INTO PRODOTTO_SOFTWARE (Nome_software,Versione_software,Lingua,Dimensione_file,Prezzo_prodotto,Piu18,Data_di_uscita,PF1_NOMEAZ,F1_NOMECAT) VALUES('Software14','Vers1','Ita',2700,27,'N',to_date('17-03-27:06:31:32AM','yyyy/mm/dd:hh:mi:ssam'),'Azienda27','Nomecat27');
INSERT INTO PRODOTTO_SOFTWARE (Nome_software,Versione_software,Lingua,Dimensione_file,Prezzo_prodotto,Piu18,Data_di_uscita,PF1_NOMEAZ,F1_NOMECAT) VALUES('Software14','Vers2','Ita',2800,28,'N',to_date('18-04-28:03:22:11AM','yyyy/mm/dd:hh:mi:ssam'),'Azienda28','Nomecat28');
INSERT INTO PRODOTTO_SOFTWARE (Nome_software,Versione_software,Lingua,Dimensione_file,Prezzo_prodotto,Piu18,Data_di_uscita,PF1_NOMEAZ,F1_NOMECAT) VALUES('Software15','Vers1','Ita',2900,29,'S',to_date('19-05-29:07:12:12AM','yyyy/mm/dd:hh:mi:ssam'),'Azienda29','Nomecat29');
INSERT INTO PRODOTTO_SOFTWARE (Nome_software,Versione_software,Lingua,Dimensione_file,Prezzo_prodotto,Piu18,Data_di_uscita,PF1_NOMEAZ,F1_NOMECAT) VALUES('Software15','Vers2','Ita',3900,30,'S',to_date('02-06-11:09:22:21AM','yyyy/mm/dd:hh:mi:ssam'),'Azienda30','Nomecat30');

--INSERT IN WISHLIST
INSERT INTO WISHLIST(NOME_WISHLIST,TIPO_WISHLIST,PRIVACY,PF3_EMCLIENTE) VALUES ('Wishlist1','ListaDesideri','Pubblica','email1@gmail.com');
INSERT INTO WISHLIST(NOME_WISHLIST,TIPO_WISHLIST,PRIVACY,PF3_EMCLIENTE) VALUES ('Wishlist2','ListaPreferita','Privata','email2@gmail.com');
INSERT INTO WISHLIST(NOME_WISHLIST,TIPO_WISHLIST,PRIVACY,PF3_EMCLIENTE) VALUES ('Wishlist3','ListaDesideri','Privata','email3@gmail.com');
INSERT INTO WISHLIST(NOME_WISHLIST,TIPO_WISHLIST,PRIVACY,PF3_EMCLIENTE) VALUES ('Wishlist4','ListaPreferita','Pubblica','email4@gmail.com');
INSERT INTO WISHLIST(NOME_WISHLIST,TIPO_WISHLIST,PRIVACY,PF3_EMCLIENTE) VALUES ('Wishlist5','ListaDesideri','Pubblica','email5@gmail.com');
INSERT INTO WISHLIST(NOME_WISHLIST,TIPO_WISHLIST,PRIVACY,PF3_EMCLIENTE) VALUES ('Wishlist6','ListaPreferita','Privata','email6@gmail.com');
INSERT INTO WISHLIST(NOME_WISHLIST,TIPO_WISHLIST,PRIVACY,PF3_EMCLIENTE) VALUES ('Wishlist7','ListaDesideri','Privata','email7@gmail.com');
INSERT INTO WISHLIST(NOME_WISHLIST,TIPO_WISHLIST,PRIVACY,PF3_EMCLIENTE) VALUES ('Wishlist8','ListaIdee','Pubblica','email8@gmail.com');
INSERT INTO WISHLIST(NOME_WISHLIST,TIPO_WISHLIST,PRIVACY,PF3_EMCLIENTE) VALUES ('Wishlist9','ListaDesideri','Privata','email9@gmail.com');
INSERT INTO WISHLIST(NOME_WISHLIST,TIPO_WISHLIST,PRIVACY,PF3_EMCLIENTE) VALUES ('Wishlist10','ListaPreferita','Privata','email10@gmail.com');
INSERT INTO WISHLIST(NOME_WISHLIST,TIPO_WISHLIST,PRIVACY,PF3_EMCLIENTE) VALUES ('Wishlist11','ListaDesideri','Privata','email31@gmail.com');
INSERT INTO WISHLIST(NOME_WISHLIST,TIPO_WISHLIST,PRIVACY,PF3_EMCLIENTE) VALUES ('Wishlist12','ListaPreferita','Privata','email32@gmail.com');
INSERT INTO WISHLIST(NOME_WISHLIST,TIPO_WISHLIST,PRIVACY,PF3_EMCLIENTE) VALUES ('Wishlist13','ListaDesideri','Pubblica','email33@gmail.com');
INSERT INTO WISHLIST(NOME_WISHLIST,TIPO_WISHLIST,PRIVACY,PF3_EMCLIENTE) VALUES ('Wishlist14','ListaIdee','Privata','email34@gmail.com');
INSERT INTO WISHLIST(NOME_WISHLIST,TIPO_WISHLIST,PRIVACY,PF3_EMCLIENTE) VALUES ('Wishlist15','ListaPreferita','Privata','email35@gmail.com');
INSERT INTO WISHLIST(NOME_WISHLIST,TIPO_WISHLIST,PRIVACY,PF3_EMCLIENTE) VALUES ('Wishlist16','ListaPreferita','Pubblica','email36@gmail.com');
INSERT INTO WISHLIST(NOME_WISHLIST,TIPO_WISHLIST,PRIVACY,PF3_EMCLIENTE) VALUES ('Wishlist17','ListaDesideri','Privata','email37@gmail.com');
INSERT INTO WISHLIST(NOME_WISHLIST,TIPO_WISHLIST,PRIVACY,PF3_EMCLIENTE) VALUES ('Wishlist18','ListaDesideri','Privata','email38@gmail.com');
INSERT INTO WISHLIST(NOME_WISHLIST,TIPO_WISHLIST,PRIVACY,PF3_EMCLIENTE) VALUES ('Wishlist19','ListaPreferita','Privata','email39@gmail.com');
INSERT INTO WISHLIST(NOME_WISHLIST,TIPO_WISHLIST,PRIVACY,PF3_EMCLIENTE) VALUES ('Wishlist20','ListaDesideri','Pubblica','email40@gmail.com');
INSERT INTO WISHLIST(NOME_WISHLIST,TIPO_WISHLIST,PRIVACY,PF3_EMCLIENTE) VALUES ('Wishlist21','ListaPreferita','Privata','email1@gmail.com');
INSERT INTO WISHLIST(NOME_WISHLIST,TIPO_WISHLIST,PRIVACY,PF3_EMCLIENTE) VALUES ('Wishlist22','ListaPreferita','Pubblica','email2@gmail.com');
INSERT INTO WISHLIST(NOME_WISHLIST,TIPO_WISHLIST,PRIVACY,PF3_EMCLIENTE) VALUES ('Wishlist23','ListaDesideri','Privata','email3@gmail.com');
INSERT INTO WISHLIST(NOME_WISHLIST,TIPO_WISHLIST,PRIVACY,PF3_EMCLIENTE) VALUES ('Wishlist24','ListaIdee','Privata','email4@gmail.com');
INSERT INTO WISHLIST(NOME_WISHLIST,TIPO_WISHLIST,PRIVACY,PF3_EMCLIENTE) VALUES ('Wishlist25','ListaPreferita','Pubblica','email5@gmail.com');
INSERT INTO WISHLIST(NOME_WISHLIST,TIPO_WISHLIST,PRIVACY,PF3_EMCLIENTE) VALUES ('Wishlist26','ListaDesideri','Privata','email6@gmail.com');
INSERT INTO WISHLIST(NOME_WISHLIST,TIPO_WISHLIST,PRIVACY,PF3_EMCLIENTE) VALUES ('Wishlist27','ListaPreferita','Privata','email7@gmail.com');
INSERT INTO WISHLIST(NOME_WISHLIST,TIPO_WISHLIST,PRIVACY,PF3_EMCLIENTE) VALUES ('Wishlist28','ListaDesideri','Pubblica','email8@gmail.com');
INSERT INTO WISHLIST(NOME_WISHLIST,TIPO_WISHLIST,PRIVACY,PF3_EMCLIENTE) VALUES ('Wishlist29','ListaDesideri','Privata','email9@gmail.com');
INSERT INTO WISHLIST(NOME_WISHLIST,TIPO_WISHLIST,PRIVACY,PF3_EMCLIENTE) VALUES ('Wishlist30','ListaPreferita','Pubblica','email10@gmail.com');

--INSERT IN HA
INSERT INTO HA(PF2_NSOFT,PF2_VSOFT,PF1_IDOFFERTA,PF2_NOMEAZ) VALUES ('Software1','Vers1','01','Azienda1');
INSERT INTO HA(PF2_NSOFT,PF2_VSOFT,PF1_IDOFFERTA,PF2_NOMEAZ) VALUES ('Software1','Vers2','03','Azienda2');
INSERT INTO HA(PF2_NSOFT,PF2_VSOFT,PF1_IDOFFERTA,PF2_NOMEAZ) VALUES ('Software10','Vers1','04','Azienda19');
INSERT INTO HA(PF2_NSOFT,PF2_VSOFT,PF1_IDOFFERTA,PF2_NOMEAZ) VALUES ('Software10','Vers2','05','Azienda20');
INSERT INTO HA(PF2_NSOFT,PF2_VSOFT,PF1_IDOFFERTA,PF2_NOMEAZ) VALUES ('Software11','Vers1','07','Azienda21');
INSERT INTO HA(PF2_NSOFT,PF2_VSOFT,PF1_IDOFFERTA,PF2_NOMEAZ) VALUES ('Software11','Vers2','08','Azienda22');
INSERT INTO HA(PF2_NSOFT,PF2_VSOFT,PF1_IDOFFERTA,PF2_NOMEAZ) VALUES ('Software12','Vers1','09','Azienda23');
INSERT INTO HA(PF2_NSOFT,PF2_VSOFT,PF1_IDOFFERTA,PF2_NOMEAZ) VALUES ('Software12','Vers2','05','Azienda24');
INSERT INTO HA(PF2_NSOFT,PF2_VSOFT,PF1_IDOFFERTA,PF2_NOMEAZ) VALUES ('Software13','Vers1','03','Azienda25');
INSERT INTO HA(PF2_NSOFT,PF2_VSOFT,PF1_IDOFFERTA,PF2_NOMEAZ) VALUES ('Software13','Vers2','11','Azienda26');
INSERT INTO HA(PF2_NSOFT,PF2_VSOFT,PF1_IDOFFERTA,PF2_NOMEAZ) VALUES ('Software14','Vers1','17','Azienda27');
INSERT INTO HA(PF2_NSOFT,PF2_VSOFT,PF1_IDOFFERTA,PF2_NOMEAZ) VALUES ('Software14','Vers2','19','Azienda28');
INSERT INTO HA(PF2_NSOFT,PF2_VSOFT,PF1_IDOFFERTA,PF2_NOMEAZ) VALUES ('Software15','Vers1','20','Azienda29');
INSERT INTO HA(PF2_NSOFT,PF2_VSOFT,PF1_IDOFFERTA,PF2_NOMEAZ) VALUES ('Software15','Vers2','05','Azienda30');
INSERT INTO HA(PF2_NSOFT,PF2_VSOFT,PF1_IDOFFERTA,PF2_NOMEAZ) VALUES ('Software2','Vers1','08','Azienda3');
INSERT INTO HA(PF2_NSOFT,PF2_VSOFT,PF1_IDOFFERTA,PF2_NOMEAZ) VALUES ('Software2','Vers2','01','Azienda4');
INSERT INTO HA(PF2_NSOFT,PF2_VSOFT,PF1_IDOFFERTA,PF2_NOMEAZ) VALUES ('Software3','Vers1','03','Azienda5');
INSERT INTO HA(PF2_NSOFT,PF2_VSOFT,PF1_IDOFFERTA,PF2_NOMEAZ) VALUES ('Software3','Vers2','04','Azienda6');
INSERT INTO HA(PF2_NSOFT,PF2_VSOFT,PF1_IDOFFERTA,PF2_NOMEAZ) VALUES ('Software4','Vers1','07','Azienda7');
INSERT INTO HA(PF2_NSOFT,PF2_VSOFT,PF1_IDOFFERTA,PF2_NOMEAZ) VALUES ('Software4','Vers2','09','Azienda8');

--INSERT IN CONTIENE
INSERT INTO CONTIENE(PF1_NSOFT,PF1_VSOFT,F3_NOMEAZ,PF1_NOMEWISH,F1_EMCLWISH) VALUES ('Software1','Vers1','Azienda1','Wishlist1','email1@gmail.com');
INSERT INTO CONTIENE(PF1_NSOFT,PF1_VSOFT,F3_NOMEAZ,PF1_NOMEWISH,F1_EMCLWISH) VALUES ('Software1','Vers2','Azienda2','Wishlist1','email1@gmail.com');
INSERT INTO CONTIENE(PF1_NSOFT,PF1_VSOFT,F3_NOMEAZ,PF1_NOMEWISH,F1_EMCLWISH) VALUES ('Software10','Vers1','Azienda19','Wishlist11','email31@gmail.com');
INSERT INTO CONTIENE(PF1_NSOFT,PF1_VSOFT,F3_NOMEAZ,PF1_NOMEWISH,F1_EMCLWISH) VALUES ('Software11','Vers1','Azienda21','Wishlist12','email32@gmail.com');
INSERT INTO CONTIENE(PF1_NSOFT,PF1_VSOFT,F3_NOMEAZ,PF1_NOMEWISH,F1_EMCLWISH) VALUES ('Software12','Vers1','Azienda23','Wishlist14','email34@gmail.com');
INSERT INTO CONTIENE(PF1_NSOFT,PF1_VSOFT,F3_NOMEAZ,PF1_NOMEWISH,F1_EMCLWISH) VALUES ('Software13','Vers1','Azienda25','Wishlist16','email36@gmail.com');
INSERT INTO CONTIENE(PF1_NSOFT,PF1_VSOFT,F3_NOMEAZ,PF1_NOMEWISH,F1_EMCLWISH) VALUES ('Software13','Vers2','Azienda26','Wishlist17','email37@gmail.com');
INSERT INTO CONTIENE(PF1_NSOFT,PF1_VSOFT,F3_NOMEAZ,PF1_NOMEWISH,F1_EMCLWISH) VALUES ('Software14','Vers2','Azienda28','Wishlist18','email38@gmail.com');
INSERT INTO CONTIENE(PF1_NSOFT,PF1_VSOFT,F3_NOMEAZ,PF1_NOMEWISH,F1_EMCLWISH) VALUES ('Software15','Vers1','Azienda29','Wishlist19','email39@gmail.com');
INSERT INTO CONTIENE(PF1_NSOFT,PF1_VSOFT,F3_NOMEAZ,PF1_NOMEWISH,F1_EMCLWISH) VALUES ('Software15','Vers2','Azienda30','Wishlist2','email2@gmail.com');
INSERT INTO CONTIENE(PF1_NSOFT,PF1_VSOFT,F3_NOMEAZ,PF1_NOMEWISH,F1_EMCLWISH) VALUES ('Software6','Vers1','Azienda11','Wishlist3','email3@gmail.com');
INSERT INTO CONTIENE(PF1_NSOFT,PF1_VSOFT,F3_NOMEAZ,PF1_NOMEWISH,F1_EMCLWISH) VALUES ('Software6','Vers2','Azienda12','Wishlist30','email10@gmail.com');
INSERT INTO CONTIENE(PF1_NSOFT,PF1_VSOFT,F3_NOMEAZ,PF1_NOMEWISH,F1_EMCLWISH) VALUES ('Software3','Vers1','Azienda5','Wishlist24','email4@gmail.com');
INSERT INTO CONTIENE(PF1_NSOFT,PF1_VSOFT,F3_NOMEAZ,PF1_NOMEWISH,F1_EMCLWISH) VALUES ('Software3','Vers2','Azienda6','Wishlist25','email5@gmail.com');
INSERT INTO CONTIENE(PF1_NSOFT,PF1_VSOFT,F3_NOMEAZ,PF1_NOMEWISH,F1_EMCLWISH) VALUES ('Software4','Vers1','Azienda7','Wishlist26','email6@gmail.com');
INSERT INTO CONTIENE(PF1_NSOFT,PF1_VSOFT,F3_NOMEAZ,PF1_NOMEWISH,F1_EMCLWISH) VALUES ('Software4','Vers2','Azienda8','Wishlist27','email7@gmail.com');
INSERT INTO CONTIENE(PF1_NSOFT,PF1_VSOFT,F3_NOMEAZ,PF1_NOMEWISH,F1_EMCLWISH) VALUES ('Software5','Vers1','Azienda9','Wishlist28','email8@gmail.com');
INSERT INTO CONTIENE(PF1_NSOFT,PF1_VSOFT,F3_NOMEAZ,PF1_NOMEWISH,F1_EMCLWISH) VALUES ('Software5','Vers2','Azienda10','Wishlist29','email9@gmail.com');
INSERT INTO CONTIENE(PF1_NSOFT,PF1_VSOFT,F3_NOMEAZ,PF1_NOMEWISH,F1_EMCLWISH) VALUES ('Software7','Vers1','Azienda13','Wishlist4','email4@gmail.com');
INSERT INTO CONTIENE(PF1_NSOFT,PF1_VSOFT,F3_NOMEAZ,PF1_NOMEWISH,F1_EMCLWISH) VALUES ('Software7','Vers2','Azienda14','Wishlist5','email5@gmail.com');

--INSERT IN ORDINE
INSERT INTO ORDINE(COD_ORD,MOD_PAGAMENTO_SCELTO,TOTALE_ORDINE,DATA_ORDINE,F2_EMCLIENTE) VALUES ('0000000001','1111111111',50,to_date('2019/10/23:12:59:27AM', 'yyyy/mm/dd:hh:mi:ssam'),'email1@gmail.com');
INSERT INTO ORDINE(COD_ORD,MOD_PAGAMENTO_SCELTO,TOTALE_ORDINE,DATA_ORDINE,F2_EMCLIENTE) VALUES ('0000000002','2222222222',23,to_date('2020/06/12:09:12:53AM', 'yyyy/mm/dd:hh:mi:ssam'),'email2@gmail.com');
INSERT INTO ORDINE(COD_ORD,MOD_PAGAMENTO_SCELTO,TOTALE_ORDINE,DATA_ORDINE,F2_EMCLIENTE) VALUES ('0000000003','3333333333',12,to_date('2019/12/23:11:45:39AM', 'yyyy/mm/dd:hh:mi:ssam'),'email3@gmail.com');
INSERT INTO ORDINE(COD_ORD,MOD_PAGAMENTO_SCELTO,TOTALE_ORDINE,DATA_ORDINE,F2_EMCLIENTE) VALUES ('0000000004','4444444444',45,to_date('2020/11/30:05:43:32AM', 'yyyy/mm/dd:hh:mi:ssam'),'email4@gmail.com');
INSERT INTO ORDINE(COD_ORD,MOD_PAGAMENTO_SCELTO,TOTALE_ORDINE,DATA_ORDINE,F2_EMCLIENTE) VALUES ('0000000005','5555555555',56,to_date('2020/06/21:04:23:58AM', 'yyyy/mm/dd:hh:mi:ssam'),'email5@gmail.com');
INSERT INTO ORDINE(COD_ORD,MOD_PAGAMENTO_SCELTO,TOTALE_ORDINE,DATA_ORDINE,F2_EMCLIENTE) VALUES ('0000000006','6666666666',243,to_date('2020/02/11:04:03:38AM', 'yyyy/mm/dd:hh:mi:ssam'),'email6@gmail.com');
INSERT INTO ORDINE(COD_ORD,MOD_PAGAMENTO_SCELTO,TOTALE_ORDINE,DATA_ORDINE,F2_EMCLIENTE) VALUES ('0000000007','7777777777',45,to_date('2019/12/03:09:21:47AM', 'yyyy/mm/dd:hh:mi:ssam'),'email8@gmail.com');
INSERT INTO ORDINE(COD_ORD,MOD_PAGAMENTO_SCELTO,TOTALE_ORDINE,DATA_ORDINE,F2_EMCLIENTE) VALUES ('0000000008','8888888888',342,to_date('2020/09/04:02:02:27AM', 'yyyy/mm/dd:hh:mi:ssam'),'email9@gmail.com');
INSERT INTO ORDINE(COD_ORD,MOD_PAGAMENTO_SCELTO,TOTALE_ORDINE,DATA_ORDINE,F2_EMCLIENTE) VALUES ('0000000009','9999999999',345,to_date('2019/04/09:04:12:43AM', 'yyyy/mm/dd:hh:mi:ssam'),'email10@gmail.com');
INSERT INTO ORDINE(COD_ORD,MOD_PAGAMENTO_SCELTO,TOTALE_ORDINE,DATA_ORDINE,F2_EMCLIENTE) VALUES ('0000000010','1111111111',965,to_date('2020/12/06:07:03:15AM', 'yyyy/mm/dd:hh:mi:ssam'),'email31@gmail.com');
INSERT INTO ORDINE(COD_ORD,MOD_PAGAMENTO_SCELTO,TOTALE_ORDINE,DATA_ORDINE,F2_EMCLIENTE) VALUES ('0000000011','2222222222',12,to_date('2020/06/18:11:14:52AM', 'yyyy/mm/dd:hh:mi:ssam'),'email32@gmail.com');
INSERT INTO ORDINE(COD_ORD,MOD_PAGAMENTO_SCELTO,TOTALE_ORDINE,DATA_ORDINE,F2_EMCLIENTE) VALUES ('0000000012','3333333333',650,to_date('2019/07/16:12:52:26AM', 'yyyy/mm/dd:hh:mi:ssam'),'email33@gmail.com');
INSERT INTO ORDINE(COD_ORD,MOD_PAGAMENTO_SCELTO,TOTALE_ORDINE,DATA_ORDINE,F2_EMCLIENTE) VALUES ('0000000013','4444444444',450,to_date('2020/03/24:10:14:39AM', 'yyyy/mm/dd:hh:mi:ssam'),'email34@gmail.com');
INSERT INTO ORDINE(COD_ORD,MOD_PAGAMENTO_SCELTO,TOTALE_ORDINE,DATA_ORDINE,F2_EMCLIENTE) VALUES ('0000000014','5555555555',450,to_date('2020/09/13:09:03:52AM', 'yyyy/mm/dd:hh:mi:ssam'),'email35@gmail.com');
INSERT INTO ORDINE(COD_ORD,MOD_PAGAMENTO_SCELTO,TOTALE_ORDINE,DATA_ORDINE,F2_EMCLIENTE) VALUES ('0000000015','6666666666',340,to_date('2020/06/07:04:41:56AM', 'yyyy/mm/dd:hh:mi:ssam'),'email36@gmail.com');
INSERT INTO ORDINE(COD_ORD,MOD_PAGAMENTO_SCELTO,TOTALE_ORDINE,DATA_ORDINE,F2_EMCLIENTE) VALUES ('0000000016','7777777777',502,to_date('2019/03/12:07:34:16AM', 'yyyy/mm/dd:hh:mi:ssam'),'email37@gmail.com');
INSERT INTO ORDINE(COD_ORD,MOD_PAGAMENTO_SCELTO,TOTALE_ORDINE,DATA_ORDINE,F2_EMCLIENTE) VALUES ('0000000017','8888888888',50,to_date('2020/02/11:02:12:19AM', 'yyyy/mm/dd:hh:mi:ssam'),'email38@gmail.com');
INSERT INTO ORDINE(COD_ORD,MOD_PAGAMENTO_SCELTO,TOTALE_ORDINE,DATA_ORDINE,F2_EMCLIENTE) VALUES ('0000000018','9999999999',70,to_date('2019/07/15:01:43:04AM', 'yyyy/mm/dd:hh:mi:ssam'),'email39@gmail.com');
INSERT INTO ORDINE(COD_ORD,MOD_PAGAMENTO_SCELTO,TOTALE_ORDINE,DATA_ORDINE,F2_EMCLIENTE) VALUES ('0000000019','1111111111',78,to_date('2019/12/18:11:08:10AM', 'yyyy/mm/dd:hh:mi:ssam'),'email40@gmail.com');
INSERT INTO ORDINE(COD_ORD,MOD_PAGAMENTO_SCELTO,TOTALE_ORDINE,DATA_ORDINE,F2_EMCLIENTE) VALUES ('0000000020','1111111111',33,to_date('2020/10/12:11:08:20AM', 'yyyy/mm/dd:hh:mi:ssam'),'email1@gmail.com');
INSERT INTO ORDINE(COD_ORD,MOD_PAGAMENTO_SCELTO,TOTALE_ORDINE,DATA_ORDINE,F2_EMCLIENTE) VALUES ('0000000021','2222222222',53,to_date('2019/09/30:12:18:34AM', 'yyyy/mm/dd:hh:mi:ssam'),'email2@gmail.com');
INSERT INTO ORDINE(COD_ORD,MOD_PAGAMENTO_SCELTO,TOTALE_ORDINE,DATA_ORDINE,F2_EMCLIENTE) VALUES ('0000000022','3333333333',63,to_date('2020/04/04:05:48:59AM', 'yyyy/mm/dd:hh:mi:ssam'),'email3@gmail.com');
INSERT INTO ORDINE(COD_ORD,MOD_PAGAMENTO_SCELTO,TOTALE_ORDINE,DATA_ORDINE,F2_EMCLIENTE) VALUES ('0000000023','4444444444',86,to_date('2020/04/19:02:52:12AM', 'yyyy/mm/dd:hh:mi:ssam'),'email40@gmail.com');
INSERT INTO ORDINE(COD_ORD,MOD_PAGAMENTO_SCELTO,TOTALE_ORDINE,DATA_ORDINE,F2_EMCLIENTE) VALUES ('0000000024','5555555555',25,to_date('2020/02/06:06:34:34AM', 'yyyy/mm/dd:hh:mi:ssam'),'email5@gmail.com');
INSERT INTO ORDINE(COD_ORD,MOD_PAGAMENTO_SCELTO,TOTALE_ORDINE,DATA_ORDINE,F2_EMCLIENTE) VALUES ('0000000025','6666666666',36,to_date('2019/01/27:08:19:51AM', 'yyyy/mm/dd:hh:mi:ssam'),'email6@gmail.com');
INSERT INTO ORDINE(COD_ORD,MOD_PAGAMENTO_SCELTO,TOTALE_ORDINE,DATA_ORDINE,F2_EMCLIENTE) VALUES ('0000000026','2222222222',39,to_date('2020/06/30:12:18:49AM', 'yyyy/mm/dd:hh:mi:ssam'),'email31@gmail.com');
INSERT INTO ORDINE(COD_ORD,MOD_PAGAMENTO_SCELTO,TOTALE_ORDINE,DATA_ORDINE,F2_EMCLIENTE) VALUES ('0000000027','7777777777',74,to_date('2020/06/29:04:27:36AM', 'yyyy/mm/dd:hh:mi:ssam'),'email7@gmail.com');
INSERT INTO ORDINE(COD_ORD,MOD_PAGAMENTO_SCELTO,TOTALE_ORDINE,DATA_ORDINE,F2_EMCLIENTE) VALUES ('0000000028','8888888888',75,to_date('2020/08/12:08:23:47AM', 'yyyy/mm/dd:hh:mi:ssam'),'email8@gmail.com');
INSERT INTO ORDINE(COD_ORD,MOD_PAGAMENTO_SCELTO,TOTALE_ORDINE,DATA_ORDINE,F2_EMCLIENTE) VALUES ('0000000029','9999999999',23,to_date('2020/06/05:01:59:05AM', 'yyyy/mm/dd:hh:mi:ssam'),'email9@gmail.com');
INSERT INTO ORDINE(COD_ORD,MOD_PAGAMENTO_SCELTO,TOTALE_ORDINE,DATA_ORDINE,F2_EMCLIENTE) VALUES ('0000000030','1111111111',44,to_date('2019/04/08:03:23:08AM', 'yyyy/mm/dd:hh:mi:ssam'),'email10@gmail.com');

--INSERT IN LICENZA_ARTICOLO
INSERT INTO LICENZA_ARTICOLO (Cod_Licenza,Durata_licenza,Garanzia_prodotto,Tipo_licenza,Prezzo_licenza,F2_EMVEND,PF5_NSOFT,PF5_VSOFT,F1_CODORD,PF3_NOMEAZ) VALUES('0000000001',to_date('20-10-31:02:01:59AM','yyyy/mm/dd:hh:mi:ssam'),1,'Freeware',0,'email11@gmail.com','Software1','Vers1','0000000001','Azienda1');
INSERT INTO LICENZA_ARTICOLO (Cod_Licenza,Durata_licenza,Garanzia_prodotto,Tipo_licenza,Prezzo_licenza,F2_EMVEND,PF5_NSOFT,PF5_VSOFT,F1_CODORD,PF3_NOMEAZ) VALUES('0000000002',to_date('19-05-30:03:02:58AM','yyyy/mm/dd:hh:mi:ssam'),2,'Adware',0,'email12@gmail.com','Software2','Vers1','0000000002','Azienda3');
INSERT INTO LICENZA_ARTICOLO (Cod_Licenza,Durata_licenza,Garanzia_prodotto,Tipo_licenza,Prezzo_licenza,F2_EMVEND,PF5_NSOFT,PF5_VSOFT,F1_CODORD,PF3_NOMEAZ) VALUES('0000000003',to_date('18-04-29:04:03:31AM','yyyy/mm/dd:hh:mi:ssam'),3,'Commerciale',30,'email13@gmail.com','Software3','Vers1','0000000003','Azienda5');
INSERT INTO LICENZA_ARTICOLO (Cod_Licenza,Durata_licenza,Garanzia_prodotto,Tipo_licenza,Prezzo_licenza,F2_EMVEND,PF5_NSOFT,PF5_VSOFT,F1_CODORD,PF3_NOMEAZ) VALUES('0000000004',to_date('17-06-28:05:04:32AM','yyyy/mm/dd:hh:mi:ssam'),4,'Freeware',0,'email14@gmail.com','Software4','Vers1','0000000004','Azienda7');
INSERT INTO LICENZA_ARTICOLO (Cod_Licenza,Durata_licenza,Garanzia_prodotto,Tipo_licenza,Prezzo_licenza,F2_EMVEND,PF5_NSOFT,PF5_VSOFT,F1_CODORD,PF3_NOMEAZ) VALUES('0000000005',to_date('16-07-27:06:05:33AM','yyyy/mm/dd:hh:mi:ssam'),5,'Shareware',50,'email15@gmail.com','Software5','Vers1','0000000005','Azienda9');
INSERT INTO LICENZA_ARTICOLO (Cod_Licenza,Durata_licenza,Garanzia_prodotto,Tipo_licenza,Prezzo_licenza,F2_EMVEND,PF5_NSOFT,PF5_VSOFT,F1_CODORD,PF3_NOMEAZ) VALUES('0000000006',to_date('15-01-26:07:06:34AM','yyyy/mm/dd:hh:mi:ssam'),6,'Commerciale',60,'email16@gmail.com','Software6','Vers1','0000000006','Azienda11');
INSERT INTO LICENZA_ARTICOLO (Cod_Licenza,Durata_licenza,Garanzia_prodotto,Tipo_licenza,Prezzo_licenza,F2_EMVEND,PF5_NSOFT,PF5_VSOFT,F1_CODORD,PF3_NOMEAZ) VALUES('0000000007',to_date('14-04-25:08:07:35AM','yyyy/mm/dd:hh:mi:ssam'),7,'Freeware',0,'email17@gmail.com','Software7','Vers1','0000000007','Azienda13');
INSERT INTO LICENZA_ARTICOLO (Cod_Licenza,Durata_licenza,Garanzia_prodotto,Tipo_licenza,Prezzo_licenza,F2_EMVEND,PF5_NSOFT,PF5_VSOFT,F1_CODORD,PF3_NOMEAZ) VALUES('0000000008',to_date('13-01-24:09:08:36AM','yyyy/mm/dd:hh:mi:ssam'),8,'Commerciale',80,'email18@gmail.com','Software8','Vers1','0000000008','Azienda15');
INSERT INTO LICENZA_ARTICOLO (Cod_Licenza,Durata_licenza,Garanzia_prodotto,Tipo_licenza,Prezzo_licenza,F2_EMVEND,PF5_NSOFT,PF5_VSOFT,F1_CODORD,PF3_NOMEAZ) VALUES('0000000009',to_date('12-11-23:10:09:37AM','yyyy/mm/dd:hh:mi:ssam'),9,'Commerciale',90,'email19@gmail.com','Software9','Vers1','0000000009','Azienda17');
INSERT INTO LICENZA_ARTICOLO (Cod_Licenza,Durata_licenza,Garanzia_prodotto,Tipo_licenza,Prezzo_licenza,F2_EMVEND,PF5_NSOFT,PF5_VSOFT,F1_CODORD,PF3_NOMEAZ) VALUES('0000000010',to_date('11-12-22:11:10:38AM','yyyy/mm/dd:hh:mi:ssam'),10,'Commerciale',100,'email20@gmail.com','Software10','Vers1','0000000010','Azienda19');
INSERT INTO LICENZA_ARTICOLO (Cod_Licenza,Durata_licenza,Garanzia_prodotto,Tipo_licenza,Prezzo_licenza,F2_EMVEND,PF5_NSOFT,PF5_VSOFT,F1_CODORD,PF3_NOMEAZ) VALUES('0000000011',to_date('10-09-21:01:11:39AM','yyyy/mm/dd:hh:mi:ssam'),11,'Adware',0,'email11@gmail.com','Software11','Vers1','0000000011','Azienda21');
INSERT INTO LICENZA_ARTICOLO (Cod_Licenza,Durata_licenza,Garanzia_prodotto,Tipo_licenza,Prezzo_licenza,F2_EMVEND,PF5_NSOFT,PF5_VSOFT,F1_CODORD,PF3_NOMEAZ) VALUES('0000000012',to_date('09-08-20:02:12:40AM','yyyy/mm/dd:hh:mi:ssam'),12,'Freeware',0,'email12@gmail.com','Software12','Vers1','0000000012','Azienda23');
INSERT INTO LICENZA_ARTICOLO (Cod_Licenza,Durata_licenza,Garanzia_prodotto,Tipo_licenza,Prezzo_licenza,F2_EMVEND,PF5_NSOFT,PF5_VSOFT,F1_CODORD,PF3_NOMEAZ) VALUES('0000000013',to_date('08-02-19:03:13:41AM','yyyy/mm/dd:hh:mi:ssam'),13,'Commerciale',130,'email13@gmail.com','Software13','Vers1','0000000013','Azienda25');
INSERT INTO LICENZA_ARTICOLO (Cod_Licenza,Durata_licenza,Garanzia_prodotto,Tipo_licenza,Prezzo_licenza,F2_EMVEND,PF5_NSOFT,PF5_VSOFT,F1_CODORD,PF3_NOMEAZ) VALUES('0000000014',to_date('07-05-18:04:14:42AM','yyyy/mm/dd:hh:mi:ssam'),14,'Demo',0,'email14@gmail.com','Software14','Vers1','0000000014','Azienda27');
INSERT INTO LICENZA_ARTICOLO (Cod_Licenza,Durata_licenza,Garanzia_prodotto,Tipo_licenza,Prezzo_licenza,F2_EMVEND,PF5_NSOFT,PF5_VSOFT,F1_CODORD,PF3_NOMEAZ) VALUES('0000000015',to_date('06-05-17:05:15:43AM','yyyy/mm/dd:hh:mi:ssam'),15,'Shareware',150,'email15@gmail.com','Software15','Vers1','0000000015','Azienda29');
INSERT INTO LICENZA_ARTICOLO (Cod_Licenza,Durata_licenza,Garanzia_prodotto,Tipo_licenza,Prezzo_licenza,F2_EMVEND,PF5_NSOFT,PF5_VSOFT,F1_CODORD,PF3_NOMEAZ) VALUES('0000000016',to_date('05-02-16:06:16:44AM','yyyy/mm/dd:hh:mi:ssam'),16,'Commerciale',160,'email16@gmail.com','Software1','Vers2','0000000016','Azienda2');
INSERT INTO LICENZA_ARTICOLO (Cod_Licenza,Durata_licenza,Garanzia_prodotto,Tipo_licenza,Prezzo_licenza,F2_EMVEND,PF5_NSOFT,PF5_VSOFT,F1_CODORD,PF3_NOMEAZ) VALUES('0000000017',to_date('04-10-15:07:17:45AM','yyyy/mm/dd:hh:mi:ssam'),17,'Freeware',0,'email17@gmail.com','Software2','Vers2','0000000017','Azienda4');
INSERT INTO LICENZA_ARTICOLO (Cod_Licenza,Durata_licenza,Garanzia_prodotto,Tipo_licenza,Prezzo_licenza,F2_EMVEND,PF5_NSOFT,PF5_VSOFT,F1_CODORD,PF3_NOMEAZ) VALUES('0000000018',to_date('03-11-14:08:18:46AM','yyyy/mm/dd:hh:mi:ssam'),18,'Commerciale',180,'email18@gmail.com','Software3','Vers2','0000000018','Azienda6');
INSERT INTO LICENZA_ARTICOLO (Cod_Licenza,Durata_licenza,Garanzia_prodotto,Tipo_licenza,Prezzo_licenza,F2_EMVEND,PF5_NSOFT,PF5_VSOFT,F1_CODORD,PF3_NOMEAZ) VALUES('0000000019',to_date('02-07-13:09:19:47AM','yyyy/mm/dd:hh:mi:ssam'),19,'Adware',0,'email19@gmail.com','Software4','Vers2','0000000019','Azienda8');
INSERT INTO LICENZA_ARTICOLO (Cod_Licenza,Durata_licenza,Garanzia_prodotto,Tipo_licenza,Prezzo_licenza,F2_EMVEND,PF5_NSOFT,PF5_VSOFT,F1_CODORD,PF3_NOMEAZ) VALUES('0000000020',to_date('01-05-12:10:20:48AM','yyyy/mm/dd:hh:mi:ssam'),20,'Commerciale',200,'email20@gmail.com','Software5','Vers2','0000000019','Azienda10');
INSERT INTO LICENZA_ARTICOLO (Cod_Licenza,Durata_licenza,Garanzia_prodotto,Tipo_licenza,Prezzo_licenza,F2_EMVEND,PF5_NSOFT,PF5_VSOFT,F1_CODORD,PF3_NOMEAZ) VALUES('0000000021',to_date('02-02-11:11:21:49AM','yyyy/mm/dd:hh:mi:ssam'),21,'Shareware',89,'email21@gmail.com','Software6','Vers2','0000000001','Azienda12');
INSERT INTO LICENZA_ARTICOLO (Cod_Licenza,Durata_licenza,Garanzia_prodotto,Tipo_licenza,Prezzo_licenza,F2_EMVEND,PF5_NSOFT,PF5_VSOFT,F1_CODORD,PF3_NOMEAZ) VALUES('0000000022',to_date('03-09-10:12:22:50AM','yyyy/mm/dd:hh:mi:ssam'),22,'Commerciale',72,'email22@gmail.com','Software7','Vers2','0000000002','Azienda14');
INSERT INTO LICENZA_ARTICOLO (Cod_Licenza,Durata_licenza,Garanzia_prodotto,Tipo_licenza,Prezzo_licenza,F2_EMVEND,PF5_NSOFT,PF5_VSOFT,F1_CODORD,PF3_NOMEAZ) VALUES('0000000023',to_date('04-08-09:01:23:51AM','yyyy/mm/dd:hh:mi:ssam'),23,'Commerciale',34,'email23@gmail.com','Software8','Vers2','0000000003','Azienda16');
INSERT INTO LICENZA_ARTICOLO (Cod_Licenza,Durata_licenza,Garanzia_prodotto,Tipo_licenza,Prezzo_licenza,F2_EMVEND,PF5_NSOFT,PF5_VSOFT,F1_CODORD,PF3_NOMEAZ) VALUES('0000000024',to_date('05-07-08:02:24:52AM','yyyy/mm/dd:hh:mi:ssam'),24,'Demo',0,'email24@gmail.com','Software9','Vers2','0000000004','Azienda18');
INSERT INTO LICENZA_ARTICOLO (Cod_Licenza,Durata_licenza,Garanzia_prodotto,Tipo_licenza,Prezzo_licenza,F2_EMVEND,PF5_NSOFT,PF5_VSOFT,F1_CODORD,PF3_NOMEAZ) VALUES('0000000025',to_date('06-12-07:03:25:53AM','yyyy/mm/dd:hh:mi:ssam'),25,'Commerciale',99,'email25@gmail.com','Software10','Vers2','0000000005','Azienda20');
INSERT INTO LICENZA_ARTICOLO (Cod_Licenza,Durata_licenza,Garanzia_prodotto,Tipo_licenza,Prezzo_licenza,F2_EMVEND,PF5_NSOFT,PF5_VSOFT,F1_CODORD,PF3_NOMEAZ) VALUES('0000000026',to_date('07-06-06:04:26:54AM','yyyy/mm/dd:hh:mi:ssam'),26,'Freeware',0,'email26@gmail.com','Software11','Vers2','0000000006','Azienda22');
INSERT INTO LICENZA_ARTICOLO (Cod_Licenza,Durata_licenza,Garanzia_prodotto,Tipo_licenza,Prezzo_licenza,F2_EMVEND,PF5_NSOFT,PF5_VSOFT,F1_CODORD,PF3_NOMEAZ) VALUES('0000000027',to_date('08-05-05:05:27:55AM','yyyy/mm/dd:hh:mi:ssam'),27,'Commerciale',270,'email27@gmail.com','Software12','Vers2','0000000007','Azienda24');
INSERT INTO LICENZA_ARTICOLO (Cod_Licenza,Durata_licenza,Garanzia_prodotto,Tipo_licenza,Prezzo_licenza,F2_EMVEND,PF5_NSOFT,PF5_VSOFT,F1_CODORD,PF3_NOMEAZ) VALUES('0000000028',to_date('09-03-04:06:28:56AM','yyyy/mm/dd:hh:mi:ssam'),28,'Adware',0,'email28@gmail.com','Software13','Vers2','0000000008','Azienda26');
INSERT INTO LICENZA_ARTICOLO (Cod_Licenza,Durata_licenza,Garanzia_prodotto,Tipo_licenza,Prezzo_licenza,F2_EMVEND,PF5_NSOFT,PF5_VSOFT,F1_CODORD,PF3_NOMEAZ) VALUES('0000000029',to_date('10-04-03:07:29:57AM','yyyy/mm/dd:hh:mi:ssam'),29,'Commerciale',290,'email29@gmail.com','Software14','Vers2','0000000009','Azienda28');
INSERT INTO LICENZA_ARTICOLO (Cod_Licenza,Durata_licenza,Garanzia_prodotto,Tipo_licenza,Prezzo_licenza,F2_EMVEND,PF5_NSOFT,PF5_VSOFT,F1_CODORD,PF3_NOMEAZ) VALUES('0000000030',to_date('11-02-01:08:30:12AM','yyyy/mm/dd:hh:mi:ssam'),30,'Shareware',300,'email30@gmail.com','Software15','Vers2','0000000008','Azienda30');
INSERT INTO LICENZA_ARTICOLO (Cod_Licenza,Durata_licenza,Garanzia_prodotto,Tipo_licenza,Prezzo_licenza,F2_EMVEND,PF5_NSOFT,PF5_VSOFT,F1_CODORD,PF3_NOMEAZ) VALUES('0000005001',to_date('20-10-31:02:01:59AM','yyyy/mm/dd:hh:mi:ssam'),1,'Freeware',0,'email11@gmail.com','Software1','Vers1',NULL,'Azienda1');

--INSERT IN RICHIESTA_DI_SUPPORTO
INSERT INTO RICHIESTA_DI_SUPPORTO (N_richiesta,Categoria_Problema,F2_NOMEGRUPPO,Data_creazione,V_A) VALUES('9999999901','Tecnica','Gruppo1',to_date('01-01-01:02:01:01AM','yyyy/mm/dd:hh:mi:ssam'),'A');
INSERT INTO RICHIESTA_DI_SUPPORTO (N_richiesta,Categoria_Problema,F2_NOMEGRUPPO,Data_creazione,V_A) VALUES('9999999902','Informazioni','Gruppo2',to_date('02-02-02:01:03:01AM','yyyy/mm/dd:hh:mi:ssam'),'A');
INSERT INTO RICHIESTA_DI_SUPPORTO (N_richiesta,Categoria_Problema,F2_NOMEGRUPPO,Data_creazione,V_A) VALUES('9999999903','Pagamenti','Gruppo3',to_date('03-03-03:07:01:01AM','yyyy/mm/dd:hh:mi:ssam'),'A');
INSERT INTO RICHIESTA_DI_SUPPORTO (N_richiesta,Categoria_Problema,F2_NOMEGRUPPO,Data_creazione,V_A) VALUES('9999999904','Pagamenti','Gruppo4',to_date('04-04-04:01:11:22AM','yyyy/mm/dd:hh:mi:ssam'),'A');
INSERT INTO RICHIESTA_DI_SUPPORTO (N_richiesta,Categoria_Problema,F2_NOMEGRUPPO,Data_creazione,V_A) VALUES('9999999905','Informazioni','Gruppo5',to_date('05-05-05:05:01:11AM','yyyy/mm/dd:hh:mi:ssam'),'A');
INSERT INTO RICHIESTA_DI_SUPPORTO (N_richiesta,Categoria_Problema,F2_NOMEGRUPPO,Data_creazione,V_A) VALUES('9999999906','Pagamenti','Gruppo6',to_date('06-06-06:06:11:03AM','yyyy/mm/dd:hh:mi:ssam'),'A');
INSERT INTO RICHIESTA_DI_SUPPORTO (N_richiesta,Categoria_Problema,F2_NOMEGRUPPO,Data_creazione,V_A) VALUES('9999999907','Tecnica','Gruppo7',to_date('07-07-07:02:11:20AM','yyyy/mm/dd:hh:mi:ssam'),'A');
INSERT INTO RICHIESTA_DI_SUPPORTO (N_richiesta,Categoria_Problema,F2_NOMEGRUPPO,Data_creazione,V_A) VALUES('9999999908','Pagamenti','Gruppo8',to_date('08-08-08:03:11:21AM','yyyy/mm/dd:hh:mi:ssam'),'A');
INSERT INTO RICHIESTA_DI_SUPPORTO (N_richiesta,Categoria_Problema,F2_NOMEGRUPPO,Data_creazione,V_A) VALUES('9999999909','Pagamenti','Gruppo9',to_date('09-09-09:03:11:30AM','yyyy/mm/dd:hh:mi:ssam'),'A');
INSERT INTO RICHIESTA_DI_SUPPORTO (N_richiesta,Categoria_Problema,F2_NOMEGRUPPO,Data_creazione,V_A) VALUES('9999999910','Pagamenti','Gruppo10',to_date('10-10-10:05:21:31AM','yyyy/mm/dd:hh:mi:ssam'),'A');
INSERT INTO RICHIESTA_DI_SUPPORTO (N_richiesta,Categoria_Problema,F2_NOMEGRUPPO,Data_creazione,V_A) VALUES('9999999911','Pagamenti','Gruppo11',to_date('11-11-11:04:50:41AM','yyyy/mm/dd:hh:mi:ssam'),'A');
INSERT INTO RICHIESTA_DI_SUPPORTO (N_richiesta,Categoria_Problema,F2_NOMEGRUPPO,Data_creazione,V_A) VALUES('9999999912','Pagamenti','Gruppo12',to_date('12-12-12:05:21:51AM','yyyy/mm/dd:hh:mi:ssam'),'A');
INSERT INTO RICHIESTA_DI_SUPPORTO (N_richiesta,Categoria_Problema,F2_NOMEGRUPPO,Data_creazione,V_A) VALUES('9999999913','Pagamenti','Gruppo13',to_date('13-01-13:02:11:47AM','yyyy/mm/dd:hh:mi:ssam'),'A');
INSERT INTO RICHIESTA_DI_SUPPORTO (N_richiesta,Categoria_Problema,F2_NOMEGRUPPO,Data_creazione,V_A) VALUES('9999999914','Pagamenti','Gruppo14',to_date('14-02-14:05:23:07AM','yyyy/mm/dd:hh:mi:ssam'),'A');
INSERT INTO RICHIESTA_DI_SUPPORTO (N_richiesta,Categoria_Problema,F2_NOMEGRUPPO,Data_creazione,V_A) VALUES('9999999915','Informazioni','Gruppo15',to_date('15-03-15:11:02:08AM','yyyy/mm/dd:hh:mi:ssam'),'A');
INSERT INTO RICHIESTA_DI_SUPPORTO (N_richiesta,Categoria_Problema,F2_NOMEGRUPPO,Data_creazione,V_A) VALUES('9999999916','Informazioni','Gruppo16',to_date('16-04-16:02:31:09AM','yyyy/mm/dd:hh:mi:ssam'),'A');
INSERT INTO RICHIESTA_DI_SUPPORTO (N_richiesta,Categoria_Problema,F2_NOMEGRUPPO,Data_creazione,V_A) VALUES('9999999917','Pagamenti','Gruppo17',to_date('17-05-17:03:02:09AM','yyyy/mm/dd:hh:mi:ssam'),'A');
INSERT INTO RICHIESTA_DI_SUPPORTO (N_richiesta,Categoria_Problema,F2_NOMEGRUPPO,Data_creazione,V_A) VALUES('9999999918','Tecnica','Gruppo18',to_date('18-06-18:07:05:32AM','yyyy/mm/dd:hh:mi:ssam'),'A');
INSERT INTO RICHIESTA_DI_SUPPORTO (N_richiesta,Categoria_Problema,F2_NOMEGRUPPO,Data_creazione,V_A) VALUES('9999999919','Pagamenti','Gruppo19',to_date('19-07-19:05:05:33AM','yyyy/mm/dd:hh:mi:ssam'),'A');
INSERT INTO RICHIESTA_DI_SUPPORTO (N_richiesta,Categoria_Problema,F2_NOMEGRUPPO,Data_creazione,V_A) VALUES('9999999920','Pagamenti','Gruppo20',to_date('01-08-20:10:32:21AM','yyyy/mm/dd:hh:mi:ssam'),'A');
INSERT INTO RICHIESTA_DI_SUPPORTO (N_richiesta,Categoria_Problema,F2_NOMEGRUPPO,Data_creazione,V_A) VALUES('9999999921','Pagamenti','Gruppo1',to_date('11-09-21:05:07:08AM','yyyy/mm/dd:hh:mi:ssam'),'V');
INSERT INTO RICHIESTA_DI_SUPPORTO (N_richiesta,Categoria_Problema,F2_NOMEGRUPPO,Data_creazione,V_A) VALUES('9999999922','Informazioni','Gruppo2',to_date('12-10-22:11:13:22AM','yyyy/mm/dd:hh:mi:ssam'),'V');
INSERT INTO RICHIESTA_DI_SUPPORTO (N_richiesta,Categoria_Problema,F2_NOMEGRUPPO,Data_creazione,V_A) VALUES('9999999923','Pagamenti','Gruppo3',to_date('13-11-23:07:23:22AM','yyyy/mm/dd:hh:mi:ssam'),'V');
INSERT INTO RICHIESTA_DI_SUPPORTO (N_richiesta,Categoria_Problema,F2_NOMEGRUPPO,Data_creazione,V_A) VALUES('9999999924','Pagamenti','Gruppo4',to_date('14-12-24:09:02:43AM','yyyy/mm/dd:hh:mi:ssam'),'V');
INSERT INTO RICHIESTA_DI_SUPPORTO (N_richiesta,Categoria_Problema,F2_NOMEGRUPPO,Data_creazione,V_A) VALUES('9999999925','Informazioni','Gruppo5',to_date('15-01-25:04:34:53AM','yyyy/mm/dd:hh:mi:ssam'),'V');
INSERT INTO RICHIESTA_DI_SUPPORTO (N_richiesta,Categoria_Problema,F2_NOMEGRUPPO,Data_creazione,V_A) VALUES('9999999926','Pagamenti','Gruppo6',to_date('16-02-26:03:22:21AM','yyyy/mm/dd:hh:mi:ssam'),'V');
INSERT INTO RICHIESTA_DI_SUPPORTO (N_richiesta,Categoria_Problema,F2_NOMEGRUPPO,Data_creazione,V_A) VALUES('9999999927','Pagamenti','Gruppo7',to_date('17-03-27:06:31:32AM','yyyy/mm/dd:hh:mi:ssam'),'V');
INSERT INTO RICHIESTA_DI_SUPPORTO (N_richiesta,Categoria_Problema,F2_NOMEGRUPPO,Data_creazione,V_A) VALUES('9999999928','Pagamenti','Gruppo8',to_date('18-04-28:03:22:11AM','yyyy/mm/dd:hh:mi:ssam'),'V');
INSERT INTO RICHIESTA_DI_SUPPORTO (N_richiesta,Categoria_Problema,F2_NOMEGRUPPO,Data_creazione,V_A) VALUES('9999999929','Pagamenti','Gruppo9',to_date('19-05-29:07:12:12AM','yyyy/mm/dd:hh:mi:ssam'),'V');
INSERT INTO RICHIESTA_DI_SUPPORTO (N_richiesta,Categoria_Problema,F2_NOMEGRUPPO,Data_creazione,V_A) VALUES('9999999930','Pagamenti','Gruppo10',to_date('02-06-11:09:22:21AM','yyyy/mm/dd:hh:mi:ssam'),'V');
INSERT INTO RICHIESTA_DI_SUPPORTO (N_richiesta,Categoria_Problema,F2_NOMEGRUPPO,Data_creazione,V_A) VALUES('9999999931','Pagamenti','Gruppo11',to_date('01-05-12:10:20:48AM','yyyy/mm/dd:hh:mi:ssam'),'V');
INSERT INTO RICHIESTA_DI_SUPPORTO (N_richiesta,Categoria_Problema,F2_NOMEGRUPPO,Data_creazione,V_A) VALUES('9999999932','Pagamenti','Gruppo12',to_date('02-02-11:11:21:49AM','yyyy/mm/dd:hh:mi:ssam'),'V');
INSERT INTO RICHIESTA_DI_SUPPORTO (N_richiesta,Categoria_Problema,F2_NOMEGRUPPO,Data_creazione,V_A) VALUES('9999999933','Pagamenti','Gruppo13',to_date('03-09-10:11:22:50AM','yyyy/mm/dd:hh:mi:ssam'),'V');
INSERT INTO RICHIESTA_DI_SUPPORTO (N_richiesta,Categoria_Problema,F2_NOMEGRUPPO,Data_creazione,V_A) VALUES('9999999934','Pagamenti','Gruppo14',to_date('04-08-09:01:23:51AM','yyyy/mm/dd:hh:mi:ssam'),'V');
INSERT INTO RICHIESTA_DI_SUPPORTO (N_richiesta,Categoria_Problema,F2_NOMEGRUPPO,Data_creazione,V_A) VALUES('9999999935','Informazioni','Gruppo15',to_date('05-07-08:02:24:52AM','yyyy/mm/dd:hh:mi:ssam'),'V');
INSERT INTO RICHIESTA_DI_SUPPORTO (N_richiesta,Categoria_Problema,F2_NOMEGRUPPO,Data_creazione,V_A) VALUES('9999999936','Informazioni','Gruppo16',to_date('06-12-07:03:25:53AM','yyyy/mm/dd:hh:mi:ssam'),'V');
INSERT INTO RICHIESTA_DI_SUPPORTO (N_richiesta,Categoria_Problema,F2_NOMEGRUPPO,Data_creazione,V_A) VALUES('9999999937','Pagamenti','Gruppo17',to_date('07-06-06:04:26:54AM','yyyy/mm/dd:hh:mi:ssam'),'V');
INSERT INTO RICHIESTA_DI_SUPPORTO (N_richiesta,Categoria_Problema,F2_NOMEGRUPPO,Data_creazione,V_A) VALUES('9999999938','Tecnica','Gruppo18',to_date('08-05-05:05:27:55AM','yyyy/mm/dd:hh:mi:ssam'),'V');
INSERT INTO RICHIESTA_DI_SUPPORTO (N_richiesta,Categoria_Problema,F2_NOMEGRUPPO,Data_creazione,V_A) VALUES('9999999939','Pagamenti','Gruppo19',to_date('09-03-04:06:28:56AM','yyyy/mm/dd:hh:mi:ssam'),'V');
INSERT INTO RICHIESTA_DI_SUPPORTO (N_richiesta,Categoria_Problema,F2_NOMEGRUPPO,Data_creazione,V_A) VALUES('9999999940','Tecnica','Gruppo20',to_date('10-04-03:07:29:57AM','yyyy/mm/dd:hh:mi:ssam'),'V');
INSERT INTO RICHIESTA_DI_SUPPORTO (N_richiesta,Categoria_Problema,F2_NOMEGRUPPO,Data_creazione,V_A) VALUES('9999999941','Tecnica','Gruppo20',to_date('10-04-03:07:29:57AM','yyyy/mm/dd:hh:mi:ssam'),'V');
INSERT INTO RICHIESTA_DI_SUPPORTO (N_richiesta,Categoria_Problema,F2_NOMEGRUPPO,V_A) VALUES('9999999942','Tecnica',NULL,'V');


--INSERT IN CATALOGO
INSERT INTO CATALOGO (NOME_CATALOGO,Mese,Lingua_catalogo) VALUES('Catalogo1','Gennaio','Ita');
INSERT INTO CATALOGO (NOME_CATALOGO,Mese,Lingua_catalogo) VALUES('Catalogo2','Febbraio','Eng');
INSERT INTO CATALOGO (NOME_CATALOGO,Mese,Lingua_catalogo) VALUES('Catalogo3','Marzo','Ita');
INSERT INTO CATALOGO (NOME_CATALOGO,Mese,Lingua_catalogo) VALUES('Catalogo4','Aprile','Eng');
INSERT INTO CATALOGO (NOME_CATALOGO,Mese,Lingua_catalogo) VALUES('Catalogo5','Maggio','Ita');
INSERT INTO CATALOGO (NOME_CATALOGO,Mese,Lingua_catalogo) VALUES('Catalogo6','Giugno','Ita');
INSERT INTO CATALOGO (NOME_CATALOGO,Mese,Lingua_catalogo) VALUES('Catalogo7','Luglio','Eng');
INSERT INTO CATALOGO (NOME_CATALOGO,Mese,Lingua_catalogo) VALUES('Catalogo8','Agosto','Ita');
INSERT INTO CATALOGO (NOME_CATALOGO,Mese,Lingua_catalogo) VALUES('Catalogo9','Settembre','Eng');
INSERT INTO CATALOGO (NOME_CATALOGO,Mese,Lingua_catalogo) VALUES('Catalogo10','Ottobre','Ita');
INSERT INTO CATALOGO (NOME_CATALOGO,Mese,Lingua_catalogo) VALUES('Catalogo11','Novembre','Eng');
INSERT INTO CATALOGO (NOME_CATALOGO,Mese,Lingua_catalogo) VALUES('Catalogo12','Dicembre','Ita');
INSERT INTO CATALOGO (NOME_CATALOGO,Mese,Lingua_catalogo) VALUES('Catalogo13','Gennaio','Eng');
INSERT INTO CATALOGO (NOME_CATALOGO,Mese,Lingua_catalogo) VALUES('Catalogo14','Febbraio','Ita');
INSERT INTO CATALOGO (NOME_CATALOGO,Mese,Lingua_catalogo) VALUES('Catalogo15','Febbraio','Eng');
INSERT INTO CATALOGO (NOME_CATALOGO,Mese,Lingua_catalogo) VALUES('Catalogo16','Marzo','Ita');
INSERT INTO CATALOGO (NOME_CATALOGO,Mese,Lingua_catalogo) VALUES('Catalogo17','Aprile','Eng');
INSERT INTO CATALOGO (NOME_CATALOGO,Mese,Lingua_catalogo) VALUES('Catalogo18','Maggio','Ita');
INSERT INTO CATALOGO (NOME_CATALOGO,Mese,Lingua_catalogo) VALUES('Catalogo19','Giugno','Eng');
INSERT INTO CATALOGO (NOME_CATALOGO,Mese,Lingua_catalogo) VALUES('Catalogo20','Luglio','Ita');

--CONTATTI_PUBBLICI (MULTIVALORE)
INSERT INTO CONTATTI_PUBBLICITARI(EMAIL_pubbl,TEL_pubbl,F2_NOMECATA,F2_mese) VALUES ('emailpub01@gmail.com','08189786758','Catalogo1','Gennaio');
INSERT INTO CONTATTI_PUBBLICITARI(EMAIL_pubbl,TEL_pubbl,F2_NOMECATA,F2_mese) VALUES ('emailpub02@gmail.com','08159437895','Catalogo5','Maggio');
INSERT INTO CONTATTI_PUBBLICITARI(EMAIL_pubbl,TEL_pubbl,F2_NOMECATA,F2_mese) VALUES ('emailpub03@gmail.com','08159485958','Catalogo7','Luglio');
INSERT INTO CONTATTI_PUBBLICITARI(EMAIL_pubbl,TEL_pubbl,F2_NOMECATA,F2_mese) VALUES ('emailpub04@gmail.com','08159543895','Catalogo12','Dicembre');
INSERT INTO CONTATTI_PUBBLICITARI(EMAIL_pubbl,TEL_pubbl,F2_NOMECATA,F2_mese) VALUES ('emailpub05@gmail.com','08158585755','Catalogo17','Aprile');
INSERT INTO CONTATTI_PUBBLICITARI(EMAIL_pubbl,TEL_pubbl,F2_NOMECATA,F2_mese) VALUES ('emailpub06@gmail.com','08159954788','Catalogo19','Giugno');
INSERT INTO CONTATTI_PUBBLICITARI(EMAIL_pubbl,TEL_pubbl,F2_NOMECATA,F2_mese) VALUES ('emailpub07@gmail.com','08189685748','Catalogo14','Febbraio');
INSERT INTO CONTATTI_PUBBLICITARI(EMAIL_pubbl,TEL_pubbl,F2_NOMECATA,F2_mese) VALUES ('emailpub08@gmail.com','08197586478','Catalogo16','Marzo');
INSERT INTO CONTATTI_PUBBLICITARI(EMAIL_pubbl,TEL_pubbl,F2_NOMECATA,F2_mese) VALUES ('emailpub09@gmail.com','08195478585','Catalogo12','Dicembre');
INSERT INTO CONTATTI_PUBBLICITARI(EMAIL_pubbl,TEL_pubbl,F2_NOMECATA,F2_mese) VALUES ('emailpub10@gmail.com','08159043348','Catalogo6','Giugno');
INSERT INTO CONTATTI_PUBBLICITARI(EMAIL_pubbl,TEL_pubbl,F2_NOMECATA,F2_mese) VALUES ('emailpub11@gmail.com','08167894784','Catalogo8','Agosto');
INSERT INTO CONTATTI_PUBBLICITARI(EMAIL_pubbl,TEL_pubbl,F2_NOMECATA,F2_mese) VALUES ('emailpub12@gmail.com','08158954373','Catalogo13','Gennaio');
INSERT INTO CONTATTI_PUBBLICITARI(EMAIL_pubbl,TEL_pubbl,F2_NOMECATA,F2_mese) VALUES ('emailpub13@gmail.com','08194374474','Catalogo9','Settembre');
INSERT INTO CONTATTI_PUBBLICITARI(EMAIL_pubbl,TEL_pubbl,F2_NOMECATA,F2_mese) VALUES ('emailpub14@gmail.com','08190543267','Catalogo6','Giugno');
INSERT INTO CONTATTI_PUBBLICITARI(EMAIL_pubbl,TEL_pubbl,F2_NOMECATA,F2_mese) VALUES ('emailpub15@gmail.com','08147847844','Catalogo2','Febbraio');
INSERT INTO CONTATTI_PUBBLICITARI(EMAIL_pubbl,TEL_pubbl,F2_NOMECATA,F2_mese) VALUES ('emailpub16@gmail.com','08189065474','Catalogo1','Gennaio');
INSERT INTO CONTATTI_PUBBLICITARI(EMAIL_pubbl,TEL_pubbl,F2_NOMECATA,F2_mese) VALUES ('emailpub17@gmail.com','08100192443','Catalogo4','Aprile');
INSERT INTO CONTATTI_PUBBLICITARI(EMAIL_pubbl,TEL_pubbl,F2_NOMECATA,F2_mese) VALUES ('emailpub18@gmail.com','08184747943','Catalogo16','Marzo');
INSERT INTO CONTATTI_PUBBLICITARI(EMAIL_pubbl,TEL_pubbl,F2_NOMECATA,F2_mese) VALUES ('emailpub19@gmail.com','08198587843','Catalogo20','Luglio');
INSERT INTO CONTATTI_PUBBLICITARI(EMAIL_pubbl,TEL_pubbl,F2_NOMECATA,F2_mese) VALUES ('emailpub20@gmail.com','08184346748','Catalogo18','Maggio');

--CONTATTI_ASSISTENZA (MULTIVALORE)
INSERT INTO CONTATTI_ASSISTENZA(EMAIL_ASS,TEL_ASS,F1_NOMECATA,F1_mese) VALUES ('emailass01@gmail.com','08100193443','Catalogo1','Gennaio');
INSERT INTO CONTATTI_ASSISTENZA(EMAIL_ASS,TEL_ASS,F1_NOMECATA,F1_mese) VALUES ('emailass02@gmail.com','08174589008','Catalogo2','Febbraio');
INSERT INTO CONTATTI_ASSISTENZA(EMAIL_ASS,TEL_ASS,F1_NOMECATA,F1_mese) VALUES ('emailass03@gmail.com','08100367736','Catalogo3','Marzo');
INSERT INTO CONTATTI_ASSISTENZA(EMAIL_ASS,TEL_ASS,F1_NOMECATA,F1_mese) VALUES ('emailass04@gmail.com','08103774777','Catalogo7','Luglio');
INSERT INTO CONTATTI_ASSISTENZA(EMAIL_ASS,TEL_ASS,F1_NOMECATA,F1_mese) VALUES ('emailass05@gmail.com','08136631263','Catalogo6','Giugno');
INSERT INTO CONTATTI_ASSISTENZA(EMAIL_ASS,TEL_ASS,F1_NOMECATA,F1_mese) VALUES ('emailass06@gmail.com','08159654859','Catalogo20','Luglio');
INSERT INTO CONTATTI_ASSISTENZA(EMAIL_ASS,TEL_ASS,F1_NOMECATA,F1_mese) VALUES ('emailass07@gmail.com','08169576585','Catalogo3','Marzo');
INSERT INTO CONTATTI_ASSISTENZA(EMAIL_ASS,TEL_ASS,F1_NOMECATA,F1_mese) VALUES ('emailass08@gmail.com','08165474858','Catalogo8','Agosto');
INSERT INTO CONTATTI_ASSISTENZA(EMAIL_ASS,TEL_ASS,F1_NOMECATA,F1_mese) VALUES ('emailass09@gmail.com','08123456654','Catalogo9','Settembre');
INSERT INTO CONTATTI_ASSISTENZA(EMAIL_ASS,TEL_ASS,F1_NOMECATA,F1_mese) VALUES ('emailass10@gmail.com','08122345678','Catalogo13','Gennaio');
INSERT INTO CONTATTI_ASSISTENZA(EMAIL_ASS,TEL_ASS,F1_NOMECATA,F1_mese) VALUES ('emailass11@gmail.com','08147647843','Catalogo16','Marzo');
INSERT INTO CONTATTI_ASSISTENZA(EMAIL_ASS,TEL_ASS,F1_NOMECATA,F1_mese) VALUES ('emailass12@gmail.com','08185647363','Catalogo19','Giugno');
INSERT INTO CONTATTI_ASSISTENZA(EMAIL_ASS,TEL_ASS,F1_NOMECATA,F1_mese) VALUES ('emailass13@gmail.com','08194374678','Catalogo20','Luglio');
INSERT INTO CONTATTI_ASSISTENZA(EMAIL_ASS,TEL_ASS,F1_NOMECATA,F1_mese) VALUES ('emailass14@gmail.com','08179574748','Catalogo6','Giugno');
INSERT INTO CONTATTI_ASSISTENZA(EMAIL_ASS,TEL_ASS,F1_NOMECATA,F1_mese) VALUES ('emailass15@gmail.com','08198374785','Catalogo2','Febbraio');
INSERT INTO CONTATTI_ASSISTENZA(EMAIL_ASS,TEL_ASS,F1_NOMECATA,F1_mese) VALUES ('emailass16@gmail.com','08158658683','Catalogo8','Agosto');
INSERT INTO CONTATTI_ASSISTENZA(EMAIL_ASS,TEL_ASS,F1_NOMECATA,F1_mese) VALUES ('emailass17@gmail.com','08148585785','Catalogo7','Luglio');
INSERT INTO CONTATTI_ASSISTENZA(EMAIL_ASS,TEL_ASS,F1_NOMECATA,F1_mese) VALUES ('emailass18@gmail.com','08167847899','Catalogo7','Luglio');
INSERT INTO CONTATTI_ASSISTENZA(EMAIL_ASS,TEL_ASS,F1_NOMECATA,F1_mese) VALUES ('emailass19@gmail.com','08176345465','Catalogo2','Febbraio');
INSERT INTO CONTATTI_ASSISTENZA(EMAIL_ASS,TEL_ASS,F1_NOMECATA,F1_mese) VALUES ('emailass20@gmail.com','08176864533','Catalogo5','Maggio');

--INSERT IN POSSIEDE
INSERT INTO POSSIEDE (PF1_NOMECAT,PF2_mese,PF1_NOMEPRODOTTO) VALUES('Catalogo1','Gennaio','Nomeprod1');
INSERT INTO POSSIEDE (PF1_NOMECAT,PF2_mese,PF1_NOMEPRODOTTO) VALUES('Catalogo1','Gennaio','Nomeprod2');
INSERT INTO POSSIEDE (PF1_NOMECAT,PF2_mese,PF1_NOMEPRODOTTO) VALUES('Catalogo1','Gennaio','Nomeprod3');
INSERT INTO POSSIEDE (PF1_NOMECAT,PF2_mese,PF1_NOMEPRODOTTO) VALUES('Catalogo2','Febbraio','Nomeprod4');
INSERT INTO POSSIEDE (PF1_NOMECAT,PF2_mese,PF1_NOMEPRODOTTO) VALUES('Catalogo2','Febbraio','Nomeprod5');
INSERT INTO POSSIEDE (PF1_NOMECAT,PF2_mese,PF1_NOMEPRODOTTO) VALUES('Catalogo2','Febbraio','Nomeprod6');
INSERT INTO POSSIEDE (PF1_NOMECAT,PF2_mese,PF1_NOMEPRODOTTO) VALUES('Catalogo3','Marzo','Nomeprod7');
INSERT INTO POSSIEDE (PF1_NOMECAT,PF2_mese,PF1_NOMEPRODOTTO) VALUES('Catalogo3','Marzo','Nomeprod8');
INSERT INTO POSSIEDE (PF1_NOMECAT,PF2_mese,PF1_NOMEPRODOTTO) VALUES('Catalogo4','Aprile','Nomeprod9');
INSERT INTO POSSIEDE (PF1_NOMECAT,PF2_mese,PF1_NOMEPRODOTTO) VALUES('Catalogo4','Aprile','Nomeprod10');
INSERT INTO POSSIEDE (PF1_NOMECAT,PF2_mese,PF1_NOMEPRODOTTO) VALUES('Catalogo4','Aprile','Nomeprod1');
INSERT INTO POSSIEDE (PF1_NOMECAT,PF2_mese,PF1_NOMEPRODOTTO) VALUES('Catalogo5','Maggio','Nomeprod12');
INSERT INTO POSSIEDE (PF1_NOMECAT,PF2_mese,PF1_NOMEPRODOTTO) VALUES('Catalogo5','Maggio','Nomeprod13');
INSERT INTO POSSIEDE (PF1_NOMECAT,PF2_mese,PF1_NOMEPRODOTTO) VALUES('Catalogo5','Maggio','Nomeprod14');
INSERT INTO POSSIEDE (PF1_NOMECAT,PF2_mese,PF1_NOMEPRODOTTO) VALUES('Catalogo6','Giugno','Nomeprod15');
INSERT INTO POSSIEDE (PF1_NOMECAT,PF2_mese,PF1_NOMEPRODOTTO) VALUES('Catalogo6','Giugno','Nomeprod16');
INSERT INTO POSSIEDE (PF1_NOMECAT,PF2_mese,PF1_NOMEPRODOTTO) VALUES('Catalogo6','Giugno','Nomeprod17');
INSERT INTO POSSIEDE (PF1_NOMECAT,PF2_mese,PF1_NOMEPRODOTTO) VALUES('Catalogo7','Luglio','Nomeprod18');
INSERT INTO POSSIEDE (PF1_NOMECAT,PF2_mese,PF1_NOMEPRODOTTO) VALUES('Catalogo7','Luglio','Nomeprod19');
INSERT INTO POSSIEDE (PF1_NOMECAT,PF2_mese,PF1_NOMEPRODOTTO) VALUES('Catalogo7','Luglio','Nomeprod20');
INSERT INTO POSSIEDE (PF1_NOMECAT,PF2_mese,PF1_NOMEPRODOTTO) VALUES('Catalogo8','Agosto','Nomeprod1');
INSERT INTO POSSIEDE (PF1_NOMECAT,PF2_mese,PF1_NOMEPRODOTTO) VALUES('Catalogo8','Agosto','Nomeprod2');
INSERT INTO POSSIEDE (PF1_NOMECAT,PF2_mese,PF1_NOMEPRODOTTO) VALUES('Catalogo8','Agosto','Nomeprod3');
INSERT INTO POSSIEDE (PF1_NOMECAT,PF2_mese,PF1_NOMEPRODOTTO) VALUES('Catalogo9','Settembre','Nomeprod4');
INSERT INTO POSSIEDE (PF1_NOMECAT,PF2_mese,PF1_NOMEPRODOTTO) VALUES('Catalogo9','Settembre','Nomeprod5');
INSERT INTO POSSIEDE (PF1_NOMECAT,PF2_mese,PF1_NOMEPRODOTTO) VALUES('Catalogo9','Settembre','Nomeprod6');
INSERT INTO POSSIEDE (PF1_NOMECAT,PF2_mese,PF1_NOMEPRODOTTO) VALUES('Catalogo10','Ottobre','Nomeprod7');
INSERT INTO POSSIEDE (PF1_NOMECAT,PF2_mese,PF1_NOMEPRODOTTO) VALUES('Catalogo10','Ottobre','Nomeprod8');
INSERT INTO POSSIEDE (PF1_NOMECAT,PF2_mese,PF1_NOMEPRODOTTO) VALUES('Catalogo10','Ottobre','Nomeprod9');
INSERT INTO POSSIEDE (PF1_NOMECAT,PF2_mese,PF1_NOMEPRODOTTO) VALUES('Catalogo11','Novembre','Nomeprod10');
INSERT INTO POSSIEDE (PF1_NOMECAT,PF2_mese,PF1_NOMEPRODOTTO) VALUES('Catalogo11','Novembre','Nomeprod11');
INSERT INTO POSSIEDE (PF1_NOMECAT,PF2_mese,PF1_NOMEPRODOTTO) VALUES('Catalogo11','Novembre','Nomeprod12');
INSERT INTO POSSIEDE (PF1_NOMECAT,PF2_mese,PF1_NOMEPRODOTTO) VALUES('Catalogo12','Dicembre','Nomeprod13');
INSERT INTO POSSIEDE (PF1_NOMECAT,PF2_mese,PF1_NOMEPRODOTTO) VALUES('Catalogo12','Dicembre','Nomeprod14');
INSERT INTO POSSIEDE (PF1_NOMECAT,PF2_mese,PF1_NOMEPRODOTTO) VALUES('Catalogo12','Dicembre','Nomeprod15');
INSERT INTO POSSIEDE (PF1_NOMECAT,PF2_mese,PF1_NOMEPRODOTTO) VALUES('Catalogo13','Gennaio','Nomeprod16');
INSERT INTO POSSIEDE (PF1_NOMECAT,PF2_mese,PF1_NOMEPRODOTTO) VALUES('Catalogo13','Gennaio','Nomeprod17');
INSERT INTO POSSIEDE (PF1_NOMECAT,PF2_mese,PF1_NOMEPRODOTTO) VALUES('Catalogo14','Febbraio','Nomeprod18');
INSERT INTO POSSIEDE (PF1_NOMECAT,PF2_mese,PF1_NOMEPRODOTTO) VALUES('Catalogo14','Febbraio','Nomeprod19');
INSERT INTO POSSIEDE (PF1_NOMECAT,PF2_mese,PF1_NOMEPRODOTTO) VALUES('Catalogo14','Febbraio','Nomeprod20');
INSERT INTO POSSIEDE (PF1_NOMECAT,PF2_mese,PF1_NOMEPRODOTTO) VALUES('Catalogo15','Febbraio','Nomeprod1');
INSERT INTO POSSIEDE (PF1_NOMECAT,PF2_mese,PF1_NOMEPRODOTTO) VALUES('Catalogo15','Febbraio','Nomeprod2');
INSERT INTO POSSIEDE (PF1_NOMECAT,PF2_mese,PF1_NOMEPRODOTTO) VALUES('Catalogo15','Febbraio','Nomeprod3');
INSERT INTO POSSIEDE (PF1_NOMECAT,PF2_mese,PF1_NOMEPRODOTTO) VALUES('Catalogo16','Marzo','Nomeprod4');
INSERT INTO POSSIEDE (PF1_NOMECAT,PF2_mese,PF1_NOMEPRODOTTO) VALUES('Catalogo16','Marzo','Nomeprod5');
INSERT INTO POSSIEDE (PF1_NOMECAT,PF2_mese,PF1_NOMEPRODOTTO) VALUES('Catalogo16','Marzo','Nomeprod6');
INSERT INTO POSSIEDE (PF1_NOMECAT,PF2_mese,PF1_NOMEPRODOTTO) VALUES('Catalogo17','Aprile','Nomeprod7');
INSERT INTO POSSIEDE (PF1_NOMECAT,PF2_mese,PF1_NOMEPRODOTTO) VALUES('Catalogo17','Aprile','Nomeprod8');
INSERT INTO POSSIEDE (PF1_NOMECAT,PF2_mese,PF1_NOMEPRODOTTO) VALUES('Catalogo17','Aprile','Nomeprod9');
INSERT INTO POSSIEDE (PF1_NOMECAT,PF2_mese,PF1_NOMEPRODOTTO) VALUES('Catalogo18','Maggio','Nomeprod10');
INSERT INTO POSSIEDE (PF1_NOMECAT,PF2_mese,PF1_NOMEPRODOTTO) VALUES('Catalogo18','Maggio','Nomeprod11');
INSERT INTO POSSIEDE (PF1_NOMECAT,PF2_mese,PF1_NOMEPRODOTTO) VALUES('Catalogo18','Maggio','Nomeprod12');
INSERT INTO POSSIEDE (PF1_NOMECAT,PF2_mese,PF1_NOMEPRODOTTO) VALUES('Catalogo19','Giugno','Nomeprod13');
INSERT INTO POSSIEDE (PF1_NOMECAT,PF2_mese,PF1_NOMEPRODOTTO) VALUES('Catalogo20','Luglio','Nomeprod14');
INSERT INTO POSSIEDE (PF1_NOMECAT,PF2_mese,PF1_NOMEPRODOTTO) VALUES('Catalogo20','Luglio','Nomeprod15');

--INSERT IN INSERITO
INSERT INTO INSERITO(PF4_NSOFT,PF4_VSOFT,F3_NOMECATA,PF1_MESE,F4_NOMEAZ) VALUES('Software1','Vers1','Catalogo1','Gennaio','Azienda1');
INSERT INTO INSERITO(PF4_NSOFT,PF4_VSOFT,F3_NOMECATA,PF1_MESE,F4_NOMEAZ) VALUES('Software1','Vers2','Catalogo2','Febbraio','Azienda2');
INSERT INTO INSERITO(PF4_NSOFT,PF4_VSOFT,F3_NOMECATA,PF1_MESE,F4_NOMEAZ) VALUES('Software2','Vers1','Catalogo3','Marzo','Azienda3');
INSERT INTO INSERITO(PF4_NSOFT,PF4_VSOFT,F3_NOMECATA,PF1_MESE,F4_NOMEAZ) VALUES('Software2','Vers2','Catalogo4','Aprile','Azienda4');
INSERT INTO INSERITO(PF4_NSOFT,PF4_VSOFT,F3_NOMECATA,PF1_MESE,F4_NOMEAZ) VALUES('Software3','Vers1','Catalogo5','Maggio','Azienda5');
INSERT INTO INSERITO(PF4_NSOFT,PF4_VSOFT,F3_NOMECATA,PF1_MESE,F4_NOMEAZ) VALUES('Software3','Vers2','Catalogo6','Giugno','Azienda6');
INSERT INTO INSERITO(PF4_NSOFT,PF4_VSOFT,F3_NOMECATA,PF1_MESE,F4_NOMEAZ) VALUES('Software4','Vers1','Catalogo6','Giugno','Azienda7');
INSERT INTO INSERITO(PF4_NSOFT,PF4_VSOFT,F3_NOMECATA,PF1_MESE,F4_NOMEAZ) VALUES('Software4','Vers2','Catalogo7','Luglio','Azienda8');
INSERT INTO INSERITO(PF4_NSOFT,PF4_VSOFT,F3_NOMECATA,PF1_MESE,F4_NOMEAZ) VALUES('Software5','Vers1','Catalogo8','Agosto','Azienda9');
INSERT INTO INSERITO(PF4_NSOFT,PF4_VSOFT,F3_NOMECATA,PF1_MESE,F4_NOMEAZ) VALUES('Software5','Vers2','Catalogo9','Settembre','Azienda10');
INSERT INTO INSERITO(PF4_NSOFT,PF4_VSOFT,F3_NOMECATA,PF1_MESE,F4_NOMEAZ) VALUES('Software6','Vers1','Catalogo10','Ottobre','Azienda11');
INSERT INTO INSERITO(PF4_NSOFT,PF4_VSOFT,F3_NOMECATA,PF1_MESE,F4_NOMEAZ) VALUES('Software6','Vers2','Catalogo11','Novembre','Azienda12');
INSERT INTO INSERITO(PF4_NSOFT,PF4_VSOFT,F3_NOMECATA,PF1_MESE,F4_NOMEAZ) VALUES('Software7','Vers1','Catalogo12','Dicembre','Azienda13');
INSERT INTO INSERITO(PF4_NSOFT,PF4_VSOFT,F3_NOMECATA,PF1_MESE,F4_NOMEAZ) VALUES('Software7','Vers2','Catalogo13','Gennaio','Azienda14');
INSERT INTO INSERITO(PF4_NSOFT,PF4_VSOFT,F3_NOMECATA,PF1_MESE,F4_NOMEAZ) VALUES('Software8','Vers1','Catalogo14','Febbraio','Azienda15');
INSERT INTO INSERITO(PF4_NSOFT,PF4_VSOFT,F3_NOMECATA,PF1_MESE,F4_NOMEAZ) VALUES('Software8','Vers2','Catalogo15','Febbraio','Azienda16');
INSERT INTO INSERITO(PF4_NSOFT,PF4_VSOFT,F3_NOMECATA,PF1_MESE,F4_NOMEAZ) VALUES('Software9','Vers1','Catalogo16','Marzo','Azienda17');
INSERT INTO INSERITO(PF4_NSOFT,PF4_VSOFT,F3_NOMECATA,PF1_MESE,F4_NOMEAZ) VALUES('Software9','Vers2','Catalogo17','Aprile','Azienda18');
INSERT INTO INSERITO(PF4_NSOFT,PF4_VSOFT,F3_NOMECATA,PF1_MESE,F4_NOMEAZ) VALUES('Software10','Vers1','Catalogo18','Maggio','Azienda19');
INSERT INTO INSERITO(PF4_NSOFT,PF4_VSOFT,F3_NOMECATA,PF1_MESE,F4_NOMEAZ) VALUES('Software10','Vers2','Catalogo19','Giugno','Azienda20');
INSERT INTO INSERITO(PF4_NSOFT,PF4_VSOFT,F3_NOMECATA,PF1_MESE,F4_NOMEAZ) VALUES('Software11','Vers1','Catalogo20','Luglio','Azienda21');
INSERT INTO INSERITO(PF4_NSOFT,PF4_VSOFT,F3_NOMECATA,PF1_MESE,F4_NOMEAZ) VALUES('Software11','Vers2','Catalogo1','Gennaio','Azienda22');
INSERT INTO INSERITO(PF4_NSOFT,PF4_VSOFT,F3_NOMECATA,PF1_MESE,F4_NOMEAZ) VALUES('Software12','Vers1','Catalogo2','Febbraio','Azienda23');
INSERT INTO INSERITO(PF4_NSOFT,PF4_VSOFT,F3_NOMECATA,PF1_MESE,F4_NOMEAZ) VALUES('Software12','Vers2','Catalogo3','Marzo','Azienda24');
INSERT INTO INSERITO(PF4_NSOFT,PF4_VSOFT,F3_NOMECATA,PF1_MESE,F4_NOMEAZ) VALUES('Software13','Vers1','Catalogo4','Aprile','Azienda25');
INSERT INTO INSERITO(PF4_NSOFT,PF4_VSOFT,F3_NOMECATA,PF1_MESE,F4_NOMEAZ) VALUES('Software13','Vers2','Catalogo5','Maggio','Azienda26');
INSERT INTO INSERITO(PF4_NSOFT,PF4_VSOFT,F3_NOMECATA,PF1_MESE,F4_NOMEAZ) VALUES('Software14','Vers1','Catalogo6','Giugno','Azienda27');
INSERT INTO INSERITO(PF4_NSOFT,PF4_VSOFT,F3_NOMECATA,PF1_MESE,F4_NOMEAZ) VALUES('Software14','Vers2','Catalogo7','Luglio','Azienda28');
INSERT INTO INSERITO(PF4_NSOFT,PF4_VSOFT,F3_NOMECATA,PF1_MESE,F4_NOMEAZ) VALUES('Software15','Vers1','Catalogo8','Agosto','Azienda29');
INSERT INTO INSERITO(PF4_NSOFT,PF4_VSOFT,F3_NOMECATA,PF1_MESE,F4_NOMEAZ) VALUES('Software15','Vers2','Catalogo9','Settembre','Azienda30');
INSERT INTO INSERITO(PF4_NSOFT,PF4_VSOFT,F3_NOMECATA,PF1_MESE,F4_NOMEAZ) VALUES('Software1','Vers1','Catalogo10','Ottobre','Azienda1');
INSERT INTO INSERITO(PF4_NSOFT,PF4_VSOFT,F3_NOMECATA,PF1_MESE,F4_NOMEAZ) VALUES('Software2','Vers2','Catalogo11','Novembre','Azienda4');
INSERT INTO INSERITO(PF4_NSOFT,PF4_VSOFT,F3_NOMECATA,PF1_MESE,F4_NOMEAZ) VALUES('Software5','Vers1','Catalogo12','Dicembre','Azienda9');
INSERT INTO INSERITO(PF4_NSOFT,PF4_VSOFT,F3_NOMECATA,PF1_MESE,F4_NOMEAZ) VALUES('Software3','Vers2','Catalogo13','Gennaio','Azienda6');
INSERT INTO INSERITO(PF4_NSOFT,PF4_VSOFT,F3_NOMECATA,PF1_MESE,F4_NOMEAZ) VALUES('Software10','Vers1','Catalogo14','Febbraio','Azienda19');
INSERT INTO INSERITO(PF4_NSOFT,PF4_VSOFT,F3_NOMECATA,PF1_MESE,F4_NOMEAZ) VALUES('Software11','Vers2','Catalogo15','Febbraio','Azienda22');
INSERT INTO INSERITO(PF4_NSOFT,PF4_VSOFT,F3_NOMECATA,PF1_MESE,F4_NOMEAZ) VALUES('Software12','Vers2','Catalogo13','Gennaio','Azienda24');
INSERT INTO INSERITO(PF4_NSOFT,PF4_VSOFT,F3_NOMECATA,PF1_MESE,F4_NOMEAZ) VALUES('Software13','Vers1','Catalogo14','Febbraio','Azienda25');

--INSERT IN RDS_ART
INSERT INTO RDS_ART(PF1_LICART,TIPOL_PROB_ACQUIR,LIC_ART,F1_NSOFT,F1_VSOFT,F3_NOMEAZ) VALUES('9999999901','Tipologia1','0000000001','Software1','Vers1','Azienda1');
INSERT INTO RDS_ART(PF1_LICART,TIPOL_PROB_ACQUIR,LIC_ART,F1_NSOFT,F1_VSOFT,F3_NOMEAZ) VALUES('9999999902','Tipologia2','0000000002','Software2','Vers1','Azienda3');
INSERT INTO RDS_ART(PF1_LICART,TIPOL_PROB_ACQUIR,LIC_ART,F1_NSOFT,F1_VSOFT,F3_NOMEAZ) VALUES('9999999903','Tipologia3','0000000003','Software3','Vers1','Azienda5');
INSERT INTO RDS_ART(PF1_LICART,TIPOL_PROB_ACQUIR,LIC_ART,F1_NSOFT,F1_VSOFT,F3_NOMEAZ) VALUES('9999999904','Tipologia4','0000000004','Software4','Vers1','Azienda7');
INSERT INTO RDS_ART(PF1_LICART,TIPOL_PROB_ACQUIR,LIC_ART,F1_NSOFT,F1_VSOFT,F3_NOMEAZ) VALUES('9999999905','Tipologia5','0000000005','Software5','Vers1','Azienda9');
INSERT INTO RDS_ART(PF1_LICART,TIPOL_PROB_ACQUIR,LIC_ART,F1_NSOFT,F1_VSOFT,F3_NOMEAZ) VALUES('9999999906','Tipologia6','0000000006','Software6','Vers1','Azienda11');
INSERT INTO RDS_ART(PF1_LICART,TIPOL_PROB_ACQUIR,LIC_ART,F1_NSOFT,F1_VSOFT,F3_NOMEAZ) VALUES('9999999907','Tipologia7','0000000007','Software7','Vers1','Azienda13');
INSERT INTO RDS_ART(PF1_LICART,TIPOL_PROB_ACQUIR,LIC_ART,F1_NSOFT,F1_VSOFT,F3_NOMEAZ) VALUES('9999999908','Tipologia8','0000000008','Software8','Vers1','Azienda15');
INSERT INTO RDS_ART(PF1_LICART,TIPOL_PROB_ACQUIR,LIC_ART,F1_NSOFT,F1_VSOFT,F3_NOMEAZ) VALUES('9999999909','Tipologia9','0000000009','Software9','Vers1','Azienda17');
INSERT INTO RDS_ART(PF1_LICART,TIPOL_PROB_ACQUIR,LIC_ART,F1_NSOFT,F1_VSOFT,F3_NOMEAZ) VALUES('9999999910','Tipologia10','0000000010','Software10','Vers1','Azienda19');
INSERT INTO RDS_ART(PF1_LICART,TIPOL_PROB_ACQUIR,LIC_ART,F1_NSOFT,F1_VSOFT,F3_NOMEAZ) VALUES('9999999911','Tipologia11','0000000011','Software11','Vers1','Azienda21');
INSERT INTO RDS_ART(PF1_LICART,TIPOL_PROB_ACQUIR,LIC_ART,F1_NSOFT,F1_VSOFT,F3_NOMEAZ) VALUES('9999999912','Tipologia12','0000000012','Software12','Vers1','Azienda23');
INSERT INTO RDS_ART(PF1_LICART,TIPOL_PROB_ACQUIR,LIC_ART,F1_NSOFT,F1_VSOFT,F3_NOMEAZ) VALUES('9999999913','Tipologia13','0000000013','Software13','Vers1','Azienda25');
INSERT INTO RDS_ART(PF1_LICART,TIPOL_PROB_ACQUIR,LIC_ART,F1_NSOFT,F1_VSOFT,F3_NOMEAZ) VALUES('9999999914','Tipologia14','0000000014','Software14','Vers1','Azienda27');
INSERT INTO RDS_ART(PF1_LICART,TIPOL_PROB_ACQUIR,LIC_ART,F1_NSOFT,F1_VSOFT,F3_NOMEAZ) VALUES('9999999915','Tipologia15','0000000015','Software15','Vers1','Azienda29');
INSERT INTO RDS_ART(PF1_LICART,TIPOL_PROB_ACQUIR,LIC_ART,F1_NSOFT,F1_VSOFT,F3_NOMEAZ) VALUES('9999999916','Tipologia16','0000000016','Software1','Vers2','Azienda2');
INSERT INTO RDS_ART(PF1_LICART,TIPOL_PROB_ACQUIR,LIC_ART,F1_NSOFT,F1_VSOFT,F3_NOMEAZ) VALUES('9999999917','Tipologia17','0000000017','Software2','Vers2','Azienda4');
INSERT INTO RDS_ART(PF1_LICART,TIPOL_PROB_ACQUIR,LIC_ART,F1_NSOFT,F1_VSOFT,F3_NOMEAZ) VALUES('9999999918','Tipologia18','0000000018','Software3','Vers2','Azienda6');
INSERT INTO RDS_ART(PF1_LICART,TIPOL_PROB_ACQUIR,LIC_ART,F1_NSOFT,F1_VSOFT,F3_NOMEAZ) VALUES('9999999919','Tipologia19','0000000019','Software4','Vers2','Azienda8');
INSERT INTO RDS_ART(PF1_LICART,TIPOL_PROB_ACQUIR,LIC_ART,F1_NSOFT,F1_VSOFT,F3_NOMEAZ) VALUES('9999999920','Tipologia20','0000000020','Software5','Vers2','Azienda10');

--INSERT IN RDS_VEND
INSERT INTO RDS_VEND(PF1_VEND,TIPOL_PROB_VEND,F1_EMVEND) VALUES('9999999921','Tipologia21','email11@gmail.com');
INSERT INTO RDS_VEND(PF1_VEND,TIPOL_PROB_VEND,F1_EMVEND) VALUES('9999999922','Tipologia22','email12@gmail.com');
INSERT INTO RDS_VEND(PF1_VEND,TIPOL_PROB_VEND,F1_EMVEND) VALUES('9999999923','Tipologia23','email13@gmail.com');
INSERT INTO RDS_VEND(PF1_VEND,TIPOL_PROB_VEND,F1_EMVEND) VALUES('9999999924','Tipologia24','email14@gmail.com');
INSERT INTO RDS_VEND(PF1_VEND,TIPOL_PROB_VEND,F1_EMVEND) VALUES('9999999925','Tipologia25','email15@gmail.com');
INSERT INTO RDS_VEND(PF1_VEND,TIPOL_PROB_VEND,F1_EMVEND) VALUES('9999999926','Tipologia26','email16@gmail.com');
INSERT INTO RDS_VEND(PF1_VEND,TIPOL_PROB_VEND,F1_EMVEND) VALUES('9999999927','Tipologia27','email17@gmail.com');
INSERT INTO RDS_VEND(PF1_VEND,TIPOL_PROB_VEND,F1_EMVEND) VALUES('9999999928','Tipologia28','email18@gmail.com');
INSERT INTO RDS_VEND(PF1_VEND,TIPOL_PROB_VEND,F1_EMVEND) VALUES('9999999929','Tipologia29','email19@gmail.com');
INSERT INTO RDS_VEND(PF1_VEND,TIPOL_PROB_VEND,F1_EMVEND) VALUES('9999999930','Tipologia30','email20@gmail.com');
INSERT INTO RDS_VEND(PF1_VEND,TIPOL_PROB_VEND,F1_EMVEND) VALUES('9999999931','Tipologia31','email21@gmail.com');
INSERT INTO RDS_VEND(PF1_VEND,TIPOL_PROB_VEND,F1_EMVEND) VALUES('9999999932','Tipologia32','email22@gmail.com');
INSERT INTO RDS_VEND(PF1_VEND,TIPOL_PROB_VEND,F1_EMVEND) VALUES('9999999933','Tipologia33','email23@gmail.com');
INSERT INTO RDS_VEND(PF1_VEND,TIPOL_PROB_VEND,F1_EMVEND) VALUES('9999999934','Tipologia34','email24@gmail.com');
INSERT INTO RDS_VEND(PF1_VEND,TIPOL_PROB_VEND,F1_EMVEND) VALUES('9999999935','Tipologia35','email25@gmail.com');
INSERT INTO RDS_VEND(PF1_VEND,TIPOL_PROB_VEND,F1_EMVEND) VALUES('9999999936','Tipologia36','email26@gmail.com');
INSERT INTO RDS_VEND(PF1_VEND,TIPOL_PROB_VEND,F1_EMVEND) VALUES('9999999937','Tipologia37','email27@gmail.com');
INSERT INTO RDS_VEND(PF1_VEND,TIPOL_PROB_VEND,F1_EMVEND) VALUES('9999999938','Tipologia38','email28@gmail.com');
INSERT INTO RDS_VEND(PF1_VEND,TIPOL_PROB_VEND,F1_EMVEND) VALUES('9999999939','Tipologia39','email29@gmail.com');
INSERT INTO RDS_VEND(PF1_VEND,TIPOL_PROB_VEND,F1_EMVEND) VALUES('9999999940','Tipologia40','email30@gmail.com');

--INSERT IN RIMBORSO
INSERT INTO RIMBORSO(DATA_RIMBORSO,TOTALE_RIMBORSO,ESITO_RIMBORSO,F1_LICART) VALUES(to_date('10-07-03:09:29:24AM','yyyy/mm/dd:hh:mi:ssam'),'32','ESITOOK','9999999915');
INSERT INTO RIMBORSO(DATA_RIMBORSO,TOTALE_RIMBORSO,ESITO_RIMBORSO,F1_LICART) VALUES(to_date('10-08-03:01:29:11AM','yyyy/mm/dd:hh:mi:ssam'),'74','ESITOOK','9999999901');
INSERT INTO RIMBORSO(DATA_RIMBORSO,TOTALE_RIMBORSO,ESITO_RIMBORSO,F1_LICART) VALUES(to_date('10-10-03:03:29:23AM','yyyy/mm/dd:hh:mi:ssam'),'12','SOSPESO','9999999902');
INSERT INTO RIMBORSO(DATA_RIMBORSO,TOTALE_RIMBORSO,ESITO_RIMBORSO,F1_LICART) VALUES(to_date('10-02-03:05:29:56AM','yyyy/mm/dd:hh:mi:ssam'),'81','SOSPESO','9999999903');
INSERT INTO RIMBORSO(DATA_RIMBORSO,TOTALE_RIMBORSO,ESITO_RIMBORSO,F1_LICART) VALUES(to_date('10-11-03:07:29:55AM','yyyy/mm/dd:hh:mi:ssam'),'25','ESITOOK','9999999904');
INSERT INTO RIMBORSO(DATA_RIMBORSO,TOTALE_RIMBORSO,ESITO_RIMBORSO,F1_LICART) VALUES(to_date('10-05-03:07:29:57AM','yyyy/mm/dd:hh:mi:ssam'),'10','ESITOOK','9999999906');
INSERT INTO RIMBORSO(DATA_RIMBORSO,TOTALE_RIMBORSO,ESITO_RIMBORSO,F1_LICART) VALUES(to_date('10-06-03:07:29:57AM','yyyy/mm/dd:hh:mi:ssam'),'30','SOSPESO','9999999907');
INSERT INTO RIMBORSO(DATA_RIMBORSO,TOTALE_RIMBORSO,ESITO_RIMBORSO,F1_LICART) VALUES(to_date('10-07-03:07:29:57AM','yyyy/mm/dd:hh:mi:ssam'),'50','ESITOOK','9999999908');
INSERT INTO RIMBORSO(DATA_RIMBORSO,TOTALE_RIMBORSO,ESITO_RIMBORSO,F1_LICART) VALUES(to_date('10-08-03:07:29:57AM','yyyy/mm/dd:hh:mi:ssam'),'70','ESITOOK','9999999909');
INSERT INTO RIMBORSO(DATA_RIMBORSO,TOTALE_RIMBORSO,ESITO_RIMBORSO,F1_LICART) VALUES(to_date('10-09-03:07:29:57AM','yyyy/mm/dd:hh:mi:ssam'),'13','ESITOOK','9999999911');
INSERT INTO RIMBORSO(DATA_RIMBORSO,TOTALE_RIMBORSO,ESITO_RIMBORSO,F1_LICART) VALUES(to_date('11-01-01:11:19:17AM','yyyy/mm/dd:hh:mi:ssam'),'60','ESITOOK','9999999916');
INSERT INTO RIMBORSO(DATA_RIMBORSO,TOTALE_RIMBORSO,ESITO_RIMBORSO,F1_LICART) VALUES(to_date('12-02-02:12:29:27AM','yyyy/mm/dd:hh:mi:ssam'),'43','ESITOOK','9999999917');
INSERT INTO RIMBORSO(DATA_RIMBORSO,TOTALE_RIMBORSO,ESITO_RIMBORSO,F1_LICART) VALUES(to_date('08-03-03:09:39:37AM','yyyy/mm/dd:hh:mi:ssam'),'81','ESITOOK','9999999918');
INSERT INTO RIMBORSO(DATA_RIMBORSO,TOTALE_RIMBORSO,ESITO_RIMBORSO,F1_LICART) VALUES(to_date('09-04-04:10:49:47AM','yyyy/mm/dd:hh:mi:ssam'),'43','ESITOOK','9999999919');
INSERT INTO RIMBORSO(DATA_RIMBORSO,TOTALE_RIMBORSO,ESITO_RIMBORSO,F1_LICART) VALUES(to_date('10-05-05:08:59:57AM','yyyy/mm/dd:hh:mi:ssam'),'70','ESITOOK','9999999920');

--INSERT IN COMPATIBILITA_SO
INSERT INTO COMPATIBILITA_SO(PF3_NSOFT,PF3_VSOFT,F5_NOMEAZ,COMPATIBILITA) VALUES('Software1','Vers1','Azienda1','Windows');
INSERT INTO COMPATIBILITA_SO(PF3_NSOFT,PF3_VSOFT,F5_NOMEAZ,COMPATIBILITA) VALUES('Software1','Vers2','Azienda2','Linux');
INSERT INTO COMPATIBILITA_SO(PF3_NSOFT,PF3_VSOFT,F5_NOMEAZ,COMPATIBILITA) VALUES('Software2','Vers1','Azienda3','MacOS');
INSERT INTO COMPATIBILITA_SO(PF3_NSOFT,PF3_VSOFT,F5_NOMEAZ,COMPATIBILITA) VALUES('Software2','Vers2','Azienda4','Windows');
INSERT INTO COMPATIBILITA_SO(PF3_NSOFT,PF3_VSOFT,F5_NOMEAZ,COMPATIBILITA) VALUES('Software3','Vers1','Azienda5','Linux');
INSERT INTO COMPATIBILITA_SO(PF3_NSOFT,PF3_VSOFT,F5_NOMEAZ,COMPATIBILITA) VALUES('Software3','Vers2','Azienda6','MacOS');
INSERT INTO COMPATIBILITA_SO(PF3_NSOFT,PF3_VSOFT,F5_NOMEAZ,COMPATIBILITA) VALUES('Software4','Vers1','Azienda7','Windows');
INSERT INTO COMPATIBILITA_SO(PF3_NSOFT,PF3_VSOFT,F5_NOMEAZ,COMPATIBILITA) VALUES('Software4','Vers2','Azienda8','Linux');
INSERT INTO COMPATIBILITA_SO(PF3_NSOFT,PF3_VSOFT,F5_NOMEAZ,COMPATIBILITA) VALUES('Software5','Vers1','Azienda9','MacOS');
INSERT INTO COMPATIBILITA_SO(PF3_NSOFT,PF3_VSOFT,F5_NOMEAZ,COMPATIBILITA) VALUES('Software5','Vers2','Azienda10','Windows');
INSERT INTO COMPATIBILITA_SO(PF3_NSOFT,PF3_VSOFT,F5_NOMEAZ,COMPATIBILITA) VALUES('Software6','Vers1','Azienda11','Linux');
INSERT INTO COMPATIBILITA_SO(PF3_NSOFT,PF3_VSOFT,F5_NOMEAZ,COMPATIBILITA) VALUES('Software6','Vers2','Azienda12','MacOS');
INSERT INTO COMPATIBILITA_SO(PF3_NSOFT,PF3_VSOFT,F5_NOMEAZ,COMPATIBILITA) VALUES('Software7','Vers1','Azienda13','Windows');
INSERT INTO COMPATIBILITA_SO(PF3_NSOFT,PF3_VSOFT,F5_NOMEAZ,COMPATIBILITA) VALUES('Software7','Vers2','Azienda14','Linux');
INSERT INTO COMPATIBILITA_SO(PF3_NSOFT,PF3_VSOFT,F5_NOMEAZ,COMPATIBILITA) VALUES('Software8','Vers1','Azienda15','MacOS');
INSERT INTO COMPATIBILITA_SO(PF3_NSOFT,PF3_VSOFT,F5_NOMEAZ,COMPATIBILITA) VALUES('Software8','Vers2','Azienda16','Windows');
INSERT INTO COMPATIBILITA_SO(PF3_NSOFT,PF3_VSOFT,F5_NOMEAZ,COMPATIBILITA) VALUES('Software9','Vers1','Azienda17','Linux');
INSERT INTO COMPATIBILITA_SO(PF3_NSOFT,PF3_VSOFT,F5_NOMEAZ,COMPATIBILITA) VALUES('Software9','Vers2','Azienda18','MacOS');
INSERT INTO COMPATIBILITA_SO(PF3_NSOFT,PF3_VSOFT,F5_NOMEAZ,COMPATIBILITA) VALUES('Software10','Vers1','Azienda19','Windows');
INSERT INTO COMPATIBILITA_SO(PF3_NSOFT,PF3_VSOFT,F5_NOMEAZ,COMPATIBILITA) VALUES('Software10','Vers2','Azienda20','Linux');
INSERT INTO COMPATIBILITA_SO(PF3_NSOFT,PF3_VSOFT,F5_NOMEAZ,COMPATIBILITA) VALUES('Software11','Vers1','Azienda21','MacOS');
INSERT INTO COMPATIBILITA_SO(PF3_NSOFT,PF3_VSOFT,F5_NOMEAZ,COMPATIBILITA) VALUES('Software11','Vers2','Azienda22','Windows');
INSERT INTO COMPATIBILITA_SO(PF3_NSOFT,PF3_VSOFT,F5_NOMEAZ,COMPATIBILITA) VALUES('Software12','Vers1','Azienda23','Linux');
INSERT INTO COMPATIBILITA_SO(PF3_NSOFT,PF3_VSOFT,F5_NOMEAZ,COMPATIBILITA) VALUES('Software12','Vers2','Azienda24','MacOS');
INSERT INTO COMPATIBILITA_SO(PF3_NSOFT,PF3_VSOFT,F5_NOMEAZ,COMPATIBILITA) VALUES('Software13','Vers1','Azienda25','Windows');
INSERT INTO COMPATIBILITA_SO(PF3_NSOFT,PF3_VSOFT,F5_NOMEAZ,COMPATIBILITA) VALUES('Software13','Vers2','Azienda26','Linux');
INSERT INTO COMPATIBILITA_SO(PF3_NSOFT,PF3_VSOFT,F5_NOMEAZ,COMPATIBILITA) VALUES('Software14','Vers1','Azienda27','MacOS');
INSERT INTO COMPATIBILITA_SO(PF3_NSOFT,PF3_VSOFT,F5_NOMEAZ,COMPATIBILITA) VALUES('Software14','Vers2','Azienda28','Windows');
INSERT INTO COMPATIBILITA_SO(PF3_NSOFT,PF3_VSOFT,F5_NOMEAZ,COMPATIBILITA) VALUES('Software15','Vers1','Azienda29','Linux');
INSERT INTO COMPATIBILITA_SO(PF3_NSOFT,PF3_VSOFT,F5_NOMEAZ,COMPATIBILITA) VALUES('Software15','Vers2','Azienda30','Windows');


--Conteggio delle tuple
SELECT COUNT(*) As Account FROM Account;
SELECT COUNT(*) As cliente FROM CLIENTE;
SELECT COUNT(*) As venditore FROM VENDITORE;
SELECT COUNT(*) As gruppo_ass FROM GRUPPO_ASSISTENZA;
SELECT COUNT(*) As data_ass FROM DATA_ASSISTENZA;
SELECT COUNT(*) As Richiesta_di_supporto FROM RICHIESTA_DI_SUPPORTO;
SELECT COUNT(*) as azienda FROM AZIENDA_PROPRIETARIA;
SELECT COUNT(*) as prodotto_software FROM PRODOTTO_SOFTWARE;
SELECT COUNT(*) as recensione FROM RECENSIONE;
SELECT COUNT(*) as categsoft FROM CATEGORIA_SOFTWARE;
SELECT COUNT(*) as catalogo FROM CATALOGO;
SELECT COUNT(*) as contatti_ass FROM CONTATTI_ASSISTENZA;
SELECT COUNT(*) as contatti_pubbl FROM CONTATTI_PUBBLICITARI;
SELECT COUNT(*) as inserito FROM INSERITO;
SELECT COUNT(*) as pubblicita FROM PUBBLICITA;
SELECT COUNT(*) as possiede FROM POSSIEDE;
SELECT COUNT(*) as offerta FROM OFFERTA;
SELECT COUNT(*) as ha FROM HA;
SELECT COUNT(*) as ordine FROM ORDINE;
SELECT COUNT(*) as licenza_articolo FROM LICENZA_ARTICOLO;
SELECT COUNT(*) as wishlist FROM WISHLIST;
SELECT COUNT(*) as contiene FROM CONTIENE;
SELECT COUNT(*) as rimborso FROM RIMBORSO;
SELECT COUNT(*) as rds_vend FROM RDS_VEND;
SELECT COUNT(*) as rds_art FROM RDS_ART;
SELECT COUNT(*) as compatibilita_so FROM COMPATIBILITA_SO;
SELECT COUNT(*) as modalita_pagamento FROM MODALITA_PAGAMENTO;
